TRACE::2025-12-26.21:57:28::SCWPlatform::Trying to open the hw design at C:/Users/12302093/AppData/Roaming/Xilinx/Vivado/myproj/Vitis4/hdmi_vdma/hw/hdmi_vdma.xsa
TRACE::2025-12-26.21:57:28::SCWPlatform::DSA given C:/Users/12302093/AppData/Roaming/Xilinx/Vivado/myproj/Vitis4/hdmi_vdma/hw/hdmi_vdma.xsa
TRACE::2025-12-26.21:57:28::SCWPlatform::DSA absoulate path C:/Users/12302093/AppData/Roaming/Xilinx/Vivado/myproj/Vitis4/hdmi_vdma/hw/hdmi_vdma.xsa
TRACE::2025-12-26.21:57:28::SCWPlatform::DSA directory C:/Users/12302093/AppData/Roaming/Xilinx/Vivado/myproj/Vitis4/hdmi_vdma/hw
TRACE::2025-12-26.21:57:28::SCWPlatform:: Platform Path C:/Users/12302093/AppData/Roaming/Xilinx/Vivado/myproj/Vitis4/hdmi_vdma/hw/hdmi_vdma.xsa
TRACE::2025-12-26.21:57:28::SCWPlatform:: Unique name xilinx:pynq-z2::0.0
TRACE::2025-12-26.21:57:28::SCWPlatform::Do not have an existing db opened. 
TRACE::2025-12-26.21:57:32::SCWPlatform::Opened new HwDB with name design_1_wrapper_0
TRACE::2025-12-26.21:57:32::SCWWriter::formatted JSON is {
	"platformName":	"hdmi_vdma",
	"sprVersion":	"2.0",
	"mode":	"gui",
	"dsaType":	"Fixed",
	"platformDesc":	"hdmi_vdma",
	"platHandOff":	"C:/Users/12302093/AppData/Roaming/Xilinx/Vivado/myproj/hdmi_vdma.xsa",
	"platIntHandOff":	"<platformDir>/hw/hdmi_vdma.xsa",
	"deviceType":	"zynq",
	"platIsPrebuiltAutogen":	"false",
	"platIsNoBootBsp":	"false",
	"hasFsblMakeHasChanges":	"false",
	"hasPmufwMakeHasChanges":	"false",
	"platPreBuiltFlag":	false,
	"platformSamplesDir":	""
}
TRACE::2025-12-26.21:57:32::SCWWriter::formatted JSON is {
	"platformName":	"hdmi_vdma",
	"sprVersion":	"2.0",
	"mode":	"gui",
	"dsaType":	"Fixed",
	"platformDesc":	"hdmi_vdma",
	"platHandOff":	"C:/Users/12302093/AppData/Roaming/Xilinx/Vivado/myproj/hdmi_vdma.xsa",
	"platIntHandOff":	"<platformDir>/hw/hdmi_vdma.xsa",
	"deviceType":	"zynq",
	"platIsPrebuiltAutogen":	"false",
	"platIsNoBootBsp":	"false",
	"hasFsblMakeHasChanges":	"false",
	"hasPmufwMakeHasChanges":	"false",
	"platPreBuiltFlag":	false,
	"platformSamplesDir":	"",
	"platActiveSys":	"hdmi_vdma",
	"systems":	[{
			"systemName":	"hdmi_vdma",
			"systemDesc":	"hdmi_vdma",
			"sysIsBootAutoGen":	"true",
			"systemDispName":	"hdmi_vdma"
		}]
}
TRACE::2025-12-26.21:57:32::SCWPlatform::Boot application domains not present, creating them
TRACE::2025-12-26.21:57:32::SCWDomain::checking for install qemu data   : 
TRACE::2025-12-26.21:57:32::SCWDomain:: Using the QEMU Data from install at  : C:/Xilinx/Vitis/2024.1/data/emulation/platforms/zynq/sw/a9_standalone/qemu/
TRACE::2025-12-26.21:57:32::SCWDomain:: Using the QEMU args  from install at  : C:/Xilinx/Vitis/2024.1/data/emulation/platforms/zynq/sw/a9_standalone/qemu/qemu_args.txt
TRACE::2025-12-26.21:57:32::SCWPlatform::Trying to open the hw design at C:/Users/12302093/AppData/Roaming/Xilinx/Vivado/myproj/Vitis4/hdmi_vdma/hw/hdmi_vdma.xsa
TRACE::2025-12-26.21:57:32::SCWPlatform::DSA given C:/Users/12302093/AppData/Roaming/Xilinx/Vivado/myproj/Vitis4/hdmi_vdma/hw/hdmi_vdma.xsa
TRACE::2025-12-26.21:57:32::SCWPlatform::DSA absoulate path C:/Users/12302093/AppData/Roaming/Xilinx/Vivado/myproj/Vitis4/hdmi_vdma/hw/hdmi_vdma.xsa
TRACE::2025-12-26.21:57:32::SCWPlatform::DSA directory C:/Users/12302093/AppData/Roaming/Xilinx/Vivado/myproj/Vitis4/hdmi_vdma/hw
TRACE::2025-12-26.21:57:32::SCWPlatform:: Platform Path C:/Users/12302093/AppData/Roaming/Xilinx/Vivado/myproj/Vitis4/hdmi_vdma/hw/hdmi_vdma.xsa
TRACE::2025-12-26.21:57:32::SCWPlatform:: Unique name xilinx:pynq-z2::0.0
TRACE::2025-12-26.21:57:32::SCWPlatform::Trying to set the existing hwdb with name design_1_wrapper_0
TRACE::2025-12-26.21:57:32::SCWPlatform::Opened existing hwdb design_1_wrapper_0
TRACE::2025-12-26.21:57:32::SCWPlatform::Found the Hw Db part of the input DSA
TRACE::2025-12-26.21:57:32::SCWPlatform::Trying to open the hw design at C:/Users/12302093/AppData/Roaming/Xilinx/Vivado/myproj/Vitis4/hdmi_vdma/hw/hdmi_vdma.xsa
TRACE::2025-12-26.21:57:32::SCWPlatform::DSA given C:/Users/12302093/AppData/Roaming/Xilinx/Vivado/myproj/Vitis4/hdmi_vdma/hw/hdmi_vdma.xsa
TRACE::2025-12-26.21:57:32::SCWPlatform::DSA absoulate path C:/Users/12302093/AppData/Roaming/Xilinx/Vivado/myproj/Vitis4/hdmi_vdma/hw/hdmi_vdma.xsa
TRACE::2025-12-26.21:57:32::SCWPlatform::DSA directory C:/Users/12302093/AppData/Roaming/Xilinx/Vivado/myproj/Vitis4/hdmi_vdma/hw
TRACE::2025-12-26.21:57:32::SCWPlatform:: Platform Path C:/Users/12302093/AppData/Roaming/Xilinx/Vivado/myproj/Vitis4/hdmi_vdma/hw/hdmi_vdma.xsa
TRACE::2025-12-26.21:57:32::SCWPlatform:: Unique name xilinx:pynq-z2::0.0
TRACE::2025-12-26.21:57:32::SCWPlatform::Trying to set the existing hwdb with name design_1_wrapper_0
TRACE::2025-12-26.21:57:32::SCWPlatform::Opened existing hwdb design_1_wrapper_0
TRACE::2025-12-26.21:57:32::SCWPlatform::Found the Hw Db part of the input DSA
TRACE::2025-12-26.21:57:32::SCWPlatform::Trying to open the hw design at C:/Users/12302093/AppData/Roaming/Xilinx/Vivado/myproj/Vitis4/hdmi_vdma/hw/hdmi_vdma.xsa
TRACE::2025-12-26.21:57:32::SCWPlatform::DSA given C:/Users/12302093/AppData/Roaming/Xilinx/Vivado/myproj/Vitis4/hdmi_vdma/hw/hdmi_vdma.xsa
TRACE::2025-12-26.21:57:32::SCWPlatform::DSA absoulate path C:/Users/12302093/AppData/Roaming/Xilinx/Vivado/myproj/Vitis4/hdmi_vdma/hw/hdmi_vdma.xsa
TRACE::2025-12-26.21:57:32::SCWPlatform::DSA directory C:/Users/12302093/AppData/Roaming/Xilinx/Vivado/myproj/Vitis4/hdmi_vdma/hw
TRACE::2025-12-26.21:57:32::SCWPlatform:: Platform Path C:/Users/12302093/AppData/Roaming/Xilinx/Vivado/myproj/Vitis4/hdmi_vdma/hw/hdmi_vdma.xsa
TRACE::2025-12-26.21:57:32::SCWPlatform:: Unique name xilinx:pynq-z2::0.0
TRACE::2025-12-26.21:57:32::SCWPlatform::Trying to set the existing hwdb with name design_1_wrapper_0
TRACE::2025-12-26.21:57:32::SCWPlatform::Opened existing hwdb design_1_wrapper_0
TRACE::2025-12-26.21:57:32::SCWPlatform::Found the Hw Db part of the input DSA
TRACE::2025-12-26.21:57:32::SCWPlatform::Boot application domain added for zynq_fsbl
TRACE::2025-12-26.21:57:32::SCWPlatform::Generating the sources  .
TRACE::2025-12-26.21:57:32::SCWBDomain::Generating boot domain sources.
TRACE::2025-12-26.21:57:32::SCWBDomain:: Generating the zynq_fsbl Application.
TRACE::2025-12-26.21:57:32::SCWPlatform::Trying to open the hw design at C:/Users/12302093/AppData/Roaming/Xilinx/Vivado/myproj/Vitis4/hdmi_vdma/hw/hdmi_vdma.xsa
TRACE::2025-12-26.21:57:32::SCWPlatform::DSA given C:/Users/12302093/AppData/Roaming/Xilinx/Vivado/myproj/Vitis4/hdmi_vdma/hw/hdmi_vdma.xsa
TRACE::2025-12-26.21:57:32::SCWPlatform::DSA absoulate path C:/Users/12302093/AppData/Roaming/Xilinx/Vivado/myproj/Vitis4/hdmi_vdma/hw/hdmi_vdma.xsa
TRACE::2025-12-26.21:57:32::SCWPlatform::DSA directory C:/Users/12302093/AppData/Roaming/Xilinx/Vivado/myproj/Vitis4/hdmi_vdma/hw
TRACE::2025-12-26.21:57:32::SCWPlatform:: Platform Path C:/Users/12302093/AppData/Roaming/Xilinx/Vivado/myproj/Vitis4/hdmi_vdma/hw/hdmi_vdma.xsa
TRACE::2025-12-26.21:57:32::SCWPlatform:: Unique name xilinx:pynq-z2::0.0
TRACE::2025-12-26.21:57:32::SCWPlatform::Trying to set the existing hwdb with name design_1_wrapper_0
TRACE::2025-12-26.21:57:32::SCWPlatform::Opened existing hwdb design_1_wrapper_0
TRACE::2025-12-26.21:57:32::SCWPlatform::Found the Hw Db part of the input DSA
TRACE::2025-12-26.21:57:32::SCWMssOS::Checking the sw design at  C:/Users/12302093/AppData/Roaming/Xilinx/Vivado/myproj/Vitis4/hdmi_vdma/zynq_fsbl/zynq_fsbl_bsp/system.mss
TRACE::2025-12-26.21:57:32::SCWMssOS::DEBUG:  swdes dump  
TRACE::2025-12-26.21:57:32::SCWMssOS::No sw design opened at  C:/Users/12302093/AppData/Roaming/Xilinx/Vivado/myproj/Vitis4/hdmi_vdma/zynq_fsbl/zynq_fsbl_bsp/system.mss
TRACE::2025-12-26.21:57:32::SCWMssOS::mss does not exists at C:/Users/12302093/AppData/Roaming/Xilinx/Vivado/myproj/Vitis4/hdmi_vdma/zynq_fsbl/zynq_fsbl_bsp/system.mss
TRACE::2025-12-26.21:57:32::SCWMssOS::Creating sw design at  C:/Users/12302093/AppData/Roaming/Xilinx/Vivado/myproj/Vitis4/hdmi_vdma/zynq_fsbl/zynq_fsbl_bsp/system.mss
TRACE::2025-12-26.21:57:32::SCWMssOS::Adding the swdes entry, created swdb C:/Users/12302093/AppData/Roaming/Xilinx/Vivado/myproj/Vitis4/hdmi_vdma/zynq_fsbl/zynq_fsbl_bsp/system.mss with des name C:/Users/12302093/AppData/Roaming/Xilinx/Vivado/myproj/Vitis4/hdmi_vdma/zynq_fsbl/zynq_fsbl_bsp/system.mss
TRACE::2025-12-26.21:57:32::SCWMssOS::updating the scw layer changes to swdes at   C:/Users/12302093/AppData/Roaming/Xilinx/Vivado/myproj/Vitis4/hdmi_vdma/zynq_fsbl/zynq_fsbl_bsp/system.mss
TRACE::2025-12-26.21:57:32::SCWMssOS::Writing mss at C:/Users/12302093/AppData/Roaming/Xilinx/Vivado/myproj/Vitis4/hdmi_vdma/zynq_fsbl/zynq_fsbl_bsp/system.mss
TRACE::2025-12-26.21:57:32::SCWMssOS::Completed writing the mss file at C:/Users/12302093/AppData/Roaming/Xilinx/Vivado/myproj/Vitis4/hdmi_vdma/zynq_fsbl/zynq_fsbl_bsp
TRACE::2025-12-26.21:57:32::SCWMssOS::Picking up changes from newly written mss file into SCW Layer. 
TRACE::2025-12-26.21:57:32::SCWMssOS::Updated the changes from newly written mss file into SCW Layer. 
TRACE::2025-12-26.21:57:32::SCWBDomain::Completed writing the mss file at C:/Users/12302093/AppData/Roaming/Xilinx/Vivado/myproj/Vitis4/hdmi_vdma/zynq_fsbl/zynq_fsbl_bsp
TRACE::2025-12-26.21:57:49::SCWPlatform::Generating sources Done.
TRACE::2025-12-26.21:57:49::SCWPlatform::Trying to open the hw design at C:/Users/12302093/AppData/Roaming/Xilinx/Vivado/myproj/Vitis4/hdmi_vdma/hw/hdmi_vdma.xsa
TRACE::2025-12-26.21:57:49::SCWPlatform::DSA given C:/Users/12302093/AppData/Roaming/Xilinx/Vivado/myproj/Vitis4/hdmi_vdma/hw/hdmi_vdma.xsa
TRACE::2025-12-26.21:57:49::SCWPlatform::DSA absoulate path C:/Users/12302093/AppData/Roaming/Xilinx/Vivado/myproj/Vitis4/hdmi_vdma/hw/hdmi_vdma.xsa
TRACE::2025-12-26.21:57:49::SCWPlatform::DSA directory C:/Users/12302093/AppData/Roaming/Xilinx/Vivado/myproj/Vitis4/hdmi_vdma/hw
TRACE::2025-12-26.21:57:49::SCWPlatform:: Platform Path C:/Users/12302093/AppData/Roaming/Xilinx/Vivado/myproj/Vitis4/hdmi_vdma/hw/hdmi_vdma.xsa
TRACE::2025-12-26.21:57:49::SCWPlatform:: Unique name xilinx:pynq-z2::0.0
TRACE::2025-12-26.21:57:49::SCWPlatform::Trying to set the existing hwdb with name design_1_wrapper_0
TRACE::2025-12-26.21:57:49::SCWPlatform::Opened existing hwdb design_1_wrapper_0
TRACE::2025-12-26.21:57:49::SCWPlatform::Found the Hw Db part of the input DSA
TRACE::2025-12-26.21:57:49::SCWMssOS::Checking the sw design at  C:/Users/12302093/AppData/Roaming/Xilinx/Vivado/myproj/Vitis4/hdmi_vdma/zynq_fsbl/zynq_fsbl_bsp/system.mss
TRACE::2025-12-26.21:57:49::SCWMssOS::DEBUG:  swdes dump  
TRACE::2025-12-26.21:57:49::SCWMssOS::No sw design opened at  C:/Users/12302093/AppData/Roaming/Xilinx/Vivado/myproj/Vitis4/hdmi_vdma/zynq_fsbl/zynq_fsbl_bsp/system.mss
TRACE::2025-12-26.21:57:49::SCWMssOS::mss exists loading the mss file  C:/Users/12302093/AppData/Roaming/Xilinx/Vivado/myproj/Vitis4/hdmi_vdma/zynq_fsbl/zynq_fsbl_bsp/system.mss
TRACE::2025-12-26.21:57:49::SCWMssOS::Opened the sw design from mss  C:/Users/12302093/AppData/Roaming/Xilinx/Vivado/myproj/Vitis4/hdmi_vdma/zynq_fsbl/zynq_fsbl_bsp/system.mss
TRACE::2025-12-26.21:57:49::SCWMssOS::Adding the swdes entry C:/Users/12302093/AppData/Roaming/Xilinx/Vivado/myproj/Vitis4/hdmi_vdma/zynq_fsbl/zynq_fsbl_bsp/system.mss with des name system
TRACE::2025-12-26.21:57:49::SCWMssOS::updating the scw layer about changes
TRACE::2025-12-26.21:57:49::SCWMssOS::Opened the sw design.  C:/Users/12302093/AppData/Roaming/Xilinx/Vivado/myproj/Vitis4/hdmi_vdma/zynq_fsbl/zynq_fsbl_bsp/system.mss
TRACE::2025-12-26.21:57:49::SCWMssOS::Saving the mss changes C:/Users/12302093/AppData/Roaming/Xilinx/Vivado/myproj/Vitis4/hdmi_vdma/zynq_fsbl/zynq_fsbl_bsp/system.mss
TRACE::2025-12-26.21:57:49::SCWMssOS::Found a swdesign opened with the mssfile.
TRACE::2025-12-26.21:57:49::SCWMssOS::Completed writemss as part of save.
TRACE::2025-12-26.21:57:49::SCWMssOS::Commit changes completed.
TRACE::2025-12-26.21:57:49::SCWPlatform::Trying to open the hw design at C:/Users/12302093/AppData/Roaming/Xilinx/Vivado/myproj/Vitis4/hdmi_vdma/hw/hdmi_vdma.xsa
TRACE::2025-12-26.21:57:49::SCWPlatform::DSA given C:/Users/12302093/AppData/Roaming/Xilinx/Vivado/myproj/Vitis4/hdmi_vdma/hw/hdmi_vdma.xsa
TRACE::2025-12-26.21:57:49::SCWPlatform::DSA absoulate path C:/Users/12302093/AppData/Roaming/Xilinx/Vivado/myproj/Vitis4/hdmi_vdma/hw/hdmi_vdma.xsa
TRACE::2025-12-26.21:57:49::SCWPlatform::DSA directory C:/Users/12302093/AppData/Roaming/Xilinx/Vivado/myproj/Vitis4/hdmi_vdma/hw
TRACE::2025-12-26.21:57:49::SCWPlatform:: Platform Path C:/Users/12302093/AppData/Roaming/Xilinx/Vivado/myproj/Vitis4/hdmi_vdma/hw/hdmi_vdma.xsa
TRACE::2025-12-26.21:57:49::SCWPlatform:: Unique name xilinx:pynq-z2::0.0
TRACE::2025-12-26.21:57:49::SCWPlatform::Trying to set the existing hwdb with name design_1_wrapper_0
TRACE::2025-12-26.21:57:49::SCWPlatform::Opened existing hwdb design_1_wrapper_0
TRACE::2025-12-26.21:57:49::SCWPlatform::Found the Hw Db part of the input DSA
TRACE::2025-12-26.21:57:49::SCWMssOS::Checking the sw design at  C:/Users/12302093/AppData/Roaming/Xilinx/Vivado/myproj/Vitis4/hdmi_vdma/zynq_fsbl/zynq_fsbl_bsp/system.mss
TRACE::2025-12-26.21:57:49::SCWMssOS::DEBUG:  swdes dump  C:/Users/12302093/AppData/Roaming/Xilinx/Vivado/myproj/Vitis4/hdmi_vdma/zynq_fsbl/zynq_fsbl_bsp/system.mss|system||

TRACE::2025-12-26.21:57:49::SCWMssOS::Sw design exists and opened at  C:/Users/12302093/AppData/Roaming/Xilinx/Vivado/myproj/Vitis4/hdmi_vdma/zynq_fsbl/zynq_fsbl_bsp/system.mss
TRACE::2025-12-26.21:57:49::SCWPlatform::Trying to open the hw design at C:/Users/12302093/AppData/Roaming/Xilinx/Vivado/myproj/Vitis4/hdmi_vdma/hw/hdmi_vdma.xsa
TRACE::2025-12-26.21:57:49::SCWPlatform::DSA given C:/Users/12302093/AppData/Roaming/Xilinx/Vivado/myproj/Vitis4/hdmi_vdma/hw/hdmi_vdma.xsa
TRACE::2025-12-26.21:57:49::SCWPlatform::DSA absoulate path C:/Users/12302093/AppData/Roaming/Xilinx/Vivado/myproj/Vitis4/hdmi_vdma/hw/hdmi_vdma.xsa
TRACE::2025-12-26.21:57:49::SCWPlatform::DSA directory C:/Users/12302093/AppData/Roaming/Xilinx/Vivado/myproj/Vitis4/hdmi_vdma/hw
TRACE::2025-12-26.21:57:49::SCWPlatform:: Platform Path C:/Users/12302093/AppData/Roaming/Xilinx/Vivado/myproj/Vitis4/hdmi_vdma/hw/hdmi_vdma.xsa
TRACE::2025-12-26.21:57:49::SCWPlatform:: Unique name xilinx:pynq-z2::0.0
TRACE::2025-12-26.21:57:49::SCWPlatform::Trying to set the existing hwdb with name design_1_wrapper_0
TRACE::2025-12-26.21:57:49::SCWPlatform::Opened existing hwdb design_1_wrapper_0
TRACE::2025-12-26.21:57:49::SCWPlatform::Found the Hw Db part of the input DSA
TRACE::2025-12-26.21:57:49::SCWMssOS::Checking the sw design at  C:/Users/12302093/AppData/Roaming/Xilinx/Vivado/myproj/Vitis4/hdmi_vdma/zynq_fsbl/zynq_fsbl_bsp/system.mss
TRACE::2025-12-26.21:57:49::SCWMssOS::DEBUG:  swdes dump  C:/Users/12302093/AppData/Roaming/Xilinx/Vivado/myproj/Vitis4/hdmi_vdma/zynq_fsbl/zynq_fsbl_bsp/system.mss|system||

TRACE::2025-12-26.21:57:49::SCWMssOS::Sw design exists and opened at  C:/Users/12302093/AppData/Roaming/Xilinx/Vivado/myproj/Vitis4/hdmi_vdma/zynq_fsbl/zynq_fsbl_bsp/system.mss
TRACE::2025-12-26.21:57:49::SCWPlatform::Trying to open the hw design at C:/Users/12302093/AppData/Roaming/Xilinx/Vivado/myproj/Vitis4/hdmi_vdma/hw/hdmi_vdma.xsa
TRACE::2025-12-26.21:57:49::SCWPlatform::DSA given C:/Users/12302093/AppData/Roaming/Xilinx/Vivado/myproj/Vitis4/hdmi_vdma/hw/hdmi_vdma.xsa
TRACE::2025-12-26.21:57:49::SCWPlatform::DSA absoulate path C:/Users/12302093/AppData/Roaming/Xilinx/Vivado/myproj/Vitis4/hdmi_vdma/hw/hdmi_vdma.xsa
TRACE::2025-12-26.21:57:49::SCWPlatform::DSA directory C:/Users/12302093/AppData/Roaming/Xilinx/Vivado/myproj/Vitis4/hdmi_vdma/hw
TRACE::2025-12-26.21:57:49::SCWPlatform:: Platform Path C:/Users/12302093/AppData/Roaming/Xilinx/Vivado/myproj/Vitis4/hdmi_vdma/hw/hdmi_vdma.xsa
TRACE::2025-12-26.21:57:49::SCWPlatform:: Unique name xilinx:pynq-z2::0.0
TRACE::2025-12-26.21:57:49::SCWPlatform::Trying to set the existing hwdb with name design_1_wrapper_0
TRACE::2025-12-26.21:57:49::SCWPlatform::Opened existing hwdb design_1_wrapper_0
TRACE::2025-12-26.21:57:49::SCWPlatform::Found the Hw Db part of the input DSA
TRACE::2025-12-26.21:57:49::SCWMssOS::Checking the sw design at  C:/Users/12302093/AppData/Roaming/Xilinx/Vivado/myproj/Vitis4/hdmi_vdma/zynq_fsbl/zynq_fsbl_bsp/system.mss
TRACE::2025-12-26.21:57:49::SCWMssOS::DEBUG:  swdes dump  C:/Users/12302093/AppData/Roaming/Xilinx/Vivado/myproj/Vitis4/hdmi_vdma/zynq_fsbl/zynq_fsbl_bsp/system.mss|system||

TRACE::2025-12-26.21:57:49::SCWMssOS::Sw design exists and opened at  C:/Users/12302093/AppData/Roaming/Xilinx/Vivado/myproj/Vitis4/hdmi_vdma/zynq_fsbl/zynq_fsbl_bsp/system.mss
TRACE::2025-12-26.21:57:49::SCWWriter::formatted JSON is {
	"platformName":	"hdmi_vdma",
	"sprVersion":	"2.0",
	"mode":	"gui",
	"dsaType":	"Fixed",
	"platformDesc":	"hdmi_vdma",
	"platHandOff":	"C:/Users/12302093/AppData/Roaming/Xilinx/Vivado/myproj/hdmi_vdma.xsa",
	"platIntHandOff":	"<platformDir>/hw/hdmi_vdma.xsa",
	"deviceType":	"zynq",
	"platIsPrebuiltAutogen":	"false",
	"platIsNoBootBsp":	"false",
	"platFsblTarget":	"ps7_cortexa9_0",
	"hasFsblMakeHasChanges":	"false",
	"hasPmufwMakeHasChanges":	"false",
	"fsblExtraCompilerFlags":	"-MMD -MP       -mcpu=cortex-a9 -mfpu=vfpv3 -mfloat-abi=hard ",
	"platPreBuiltFlag":	false,
	"platformSamplesDir":	"",
	"platActiveSys":	"hdmi_vdma",
	"systems":	[{
			"systemName":	"hdmi_vdma",
			"systemDesc":	"hdmi_vdma",
			"sysIsBootAutoGen":	"true",
			"systemDispName":	"hdmi_vdma",
			"sysActiveDom":	"zynq_fsbl",
			"sysDefaultDom":	"",
			"domains":	[{
					"domainName":	"zynq_fsbl",
					"domainDispName":	"zynq_fsbl",
					"domainDesc":	"FSBL Application BSP - Auto Generated.",
					"processors":	"ps7_cortexa9_0",
					"os":	"standalone",
					"sdxOs":	"standalone",
					"debugEnable":	"",
					"domRuntimes":	["cpp"],
					"swRepo":	"",
					"mssOsVer":	"9.1",
					"mssFile":	"",
					"md5Digest":	"70e198c9745202171b2b27f97526b3a8",
					"compatibleApp":	"zynq_fsbl",
					"domType":	"bootDomain",
					"arch":	"32-bit",
					"appSettings":	{
						"appCompilerFlags":	"",
						"appLinkerFlags":	""
					},
					"addedLibs":	["xilffs:5.2", "xilrsa:1.8"],
					"libOptions":	{
						"libsContainingOptions":	[]
					},
					"prebuiltLibs":	{
						"prebuiltIncPath":	[],
						"prebuiltLibPath":	[]
					},
					"isolation":	{
					}
				}]
		}]
}
TRACE::2025-12-26.21:57:49::SCWMssOS::Saving the mss changes C:/Users/12302093/AppData/Roaming/Xilinx/Vivado/myproj/Vitis4/hdmi_vdma/zynq_fsbl/zynq_fsbl_bsp/system.mss
TRACE::2025-12-26.21:57:49::SCWMssOS::Found a swdesign opened with the mssfile.
TRACE::2025-12-26.21:57:49::SCWMssOS::Completed writemss as part of save.
TRACE::2025-12-26.21:57:49::SCWMssOS::Commit changes completed.
TRACE::2025-12-26.21:57:49::SCWPlatform::Trying to open the hw design at C:/Users/12302093/AppData/Roaming/Xilinx/Vivado/myproj/Vitis4/hdmi_vdma/hw/hdmi_vdma.xsa
TRACE::2025-12-26.21:57:49::SCWPlatform::DSA given C:/Users/12302093/AppData/Roaming/Xilinx/Vivado/myproj/Vitis4/hdmi_vdma/hw/hdmi_vdma.xsa
TRACE::2025-12-26.21:57:49::SCWPlatform::DSA absoulate path C:/Users/12302093/AppData/Roaming/Xilinx/Vivado/myproj/Vitis4/hdmi_vdma/hw/hdmi_vdma.xsa
TRACE::2025-12-26.21:57:49::SCWPlatform::DSA directory C:/Users/12302093/AppData/Roaming/Xilinx/Vivado/myproj/Vitis4/hdmi_vdma/hw
TRACE::2025-12-26.21:57:49::SCWPlatform:: Platform Path C:/Users/12302093/AppData/Roaming/Xilinx/Vivado/myproj/Vitis4/hdmi_vdma/hw/hdmi_vdma.xsa
TRACE::2025-12-26.21:57:49::SCWPlatform:: Unique name xilinx:pynq-z2::0.0
TRACE::2025-12-26.21:57:49::SCWPlatform::Trying to set the existing hwdb with name design_1_wrapper_0
TRACE::2025-12-26.21:57:49::SCWPlatform::Opened existing hwdb design_1_wrapper_0
TRACE::2025-12-26.21:57:49::SCWPlatform::Found the Hw Db part of the input DSA
TRACE::2025-12-26.21:57:49::SCWMssOS::Checking the sw design at  C:/Users/12302093/AppData/Roaming/Xilinx/Vivado/myproj/Vitis4/hdmi_vdma/zynq_fsbl/zynq_fsbl_bsp/system.mss
TRACE::2025-12-26.21:57:49::SCWMssOS::DEBUG:  swdes dump  C:/Users/12302093/AppData/Roaming/Xilinx/Vivado/myproj/Vitis4/hdmi_vdma/zynq_fsbl/zynq_fsbl_bsp/system.mss|system||

TRACE::2025-12-26.21:57:49::SCWMssOS::Sw design exists and opened at  C:/Users/12302093/AppData/Roaming/Xilinx/Vivado/myproj/Vitis4/hdmi_vdma/zynq_fsbl/zynq_fsbl_bsp/system.mss
TRACE::2025-12-26.21:57:49::SCWPlatform::Trying to open the hw design at C:/Users/12302093/AppData/Roaming/Xilinx/Vivado/myproj/Vitis4/hdmi_vdma/hw/hdmi_vdma.xsa
TRACE::2025-12-26.21:57:49::SCWPlatform::DSA given C:/Users/12302093/AppData/Roaming/Xilinx/Vivado/myproj/Vitis4/hdmi_vdma/hw/hdmi_vdma.xsa
TRACE::2025-12-26.21:57:49::SCWPlatform::DSA absoulate path C:/Users/12302093/AppData/Roaming/Xilinx/Vivado/myproj/Vitis4/hdmi_vdma/hw/hdmi_vdma.xsa
TRACE::2025-12-26.21:57:49::SCWPlatform::DSA directory C:/Users/12302093/AppData/Roaming/Xilinx/Vivado/myproj/Vitis4/hdmi_vdma/hw
TRACE::2025-12-26.21:57:49::SCWPlatform:: Platform Path C:/Users/12302093/AppData/Roaming/Xilinx/Vivado/myproj/Vitis4/hdmi_vdma/hw/hdmi_vdma.xsa
TRACE::2025-12-26.21:57:49::SCWPlatform:: Unique name xilinx:pynq-z2::0.0
TRACE::2025-12-26.21:57:49::SCWPlatform::Trying to set the existing hwdb with name design_1_wrapper_0
TRACE::2025-12-26.21:57:49::SCWPlatform::Opened existing hwdb design_1_wrapper_0
TRACE::2025-12-26.21:57:49::SCWPlatform::Found the Hw Db part of the input DSA
TRACE::2025-12-26.21:57:49::SCWMssOS::Checking the sw design at  C:/Users/12302093/AppData/Roaming/Xilinx/Vivado/myproj/Vitis4/hdmi_vdma/zynq_fsbl/zynq_fsbl_bsp/system.mss
TRACE::2025-12-26.21:57:49::SCWMssOS::DEBUG:  swdes dump  C:/Users/12302093/AppData/Roaming/Xilinx/Vivado/myproj/Vitis4/hdmi_vdma/zynq_fsbl/zynq_fsbl_bsp/system.mss|system||

TRACE::2025-12-26.21:57:49::SCWMssOS::Sw design exists and opened at  C:/Users/12302093/AppData/Roaming/Xilinx/Vivado/myproj/Vitis4/hdmi_vdma/zynq_fsbl/zynq_fsbl_bsp/system.mss
TRACE::2025-12-26.21:57:49::SCWPlatform::Trying to open the hw design at C:/Users/12302093/AppData/Roaming/Xilinx/Vivado/myproj/Vitis4/hdmi_vdma/hw/hdmi_vdma.xsa
TRACE::2025-12-26.21:57:49::SCWPlatform::DSA given C:/Users/12302093/AppData/Roaming/Xilinx/Vivado/myproj/Vitis4/hdmi_vdma/hw/hdmi_vdma.xsa
TRACE::2025-12-26.21:57:49::SCWPlatform::DSA absoulate path C:/Users/12302093/AppData/Roaming/Xilinx/Vivado/myproj/Vitis4/hdmi_vdma/hw/hdmi_vdma.xsa
TRACE::2025-12-26.21:57:49::SCWPlatform::DSA directory C:/Users/12302093/AppData/Roaming/Xilinx/Vivado/myproj/Vitis4/hdmi_vdma/hw
TRACE::2025-12-26.21:57:49::SCWPlatform:: Platform Path C:/Users/12302093/AppData/Roaming/Xilinx/Vivado/myproj/Vitis4/hdmi_vdma/hw/hdmi_vdma.xsa
TRACE::2025-12-26.21:57:49::SCWPlatform:: Unique name xilinx:pynq-z2::0.0
TRACE::2025-12-26.21:57:49::SCWPlatform::Trying to set the existing hwdb with name design_1_wrapper_0
TRACE::2025-12-26.21:57:49::SCWPlatform::Opened existing hwdb design_1_wrapper_0
TRACE::2025-12-26.21:57:49::SCWPlatform::Found the Hw Db part of the input DSA
TRACE::2025-12-26.21:57:49::SCWMssOS::Checking the sw design at  C:/Users/12302093/AppData/Roaming/Xilinx/Vivado/myproj/Vitis4/hdmi_vdma/zynq_fsbl/zynq_fsbl_bsp/system.mss
TRACE::2025-12-26.21:57:49::SCWMssOS::DEBUG:  swdes dump  C:/Users/12302093/AppData/Roaming/Xilinx/Vivado/myproj/Vitis4/hdmi_vdma/zynq_fsbl/zynq_fsbl_bsp/system.mss|system||

TRACE::2025-12-26.21:57:49::SCWMssOS::Sw design exists and opened at  C:/Users/12302093/AppData/Roaming/Xilinx/Vivado/myproj/Vitis4/hdmi_vdma/zynq_fsbl/zynq_fsbl_bsp/system.mss
TRACE::2025-12-26.21:57:49::SCWWriter::formatted JSON is {
	"platformName":	"hdmi_vdma",
	"sprVersion":	"2.0",
	"mode":	"gui",
	"dsaType":	"Fixed",
	"platformDesc":	"hdmi_vdma",
	"platHandOff":	"C:/Users/12302093/AppData/Roaming/Xilinx/Vivado/myproj/hdmi_vdma.xsa",
	"platIntHandOff":	"<platformDir>/hw/hdmi_vdma.xsa",
	"deviceType":	"zynq",
	"platIsPrebuiltAutogen":	"false",
	"platIsNoBootBsp":	"false",
	"platFsblTarget":	"ps7_cortexa9_0",
	"hasFsblMakeHasChanges":	"false",
	"hasPmufwMakeHasChanges":	"false",
	"fsblExtraCompilerFlags":	"-MMD -MP       -mcpu=cortex-a9 -mfpu=vfpv3 -mfloat-abi=hard ",
	"platPreBuiltFlag":	false,
	"platformSamplesDir":	"",
	"platActiveSys":	"hdmi_vdma",
	"systems":	[{
			"systemName":	"hdmi_vdma",
			"systemDesc":	"hdmi_vdma",
			"sysIsBootAutoGen":	"true",
			"systemDispName":	"hdmi_vdma",
			"sysActiveDom":	"zynq_fsbl",
			"sysDefaultDom":	"",
			"domains":	[{
					"domainName":	"zynq_fsbl",
					"domainDispName":	"zynq_fsbl",
					"domainDesc":	"FSBL Application BSP - Auto Generated.",
					"processors":	"ps7_cortexa9_0",
					"os":	"standalone",
					"sdxOs":	"standalone",
					"debugEnable":	"",
					"domRuntimes":	["cpp"],
					"swRepo":	"",
					"mssOsVer":	"9.1",
					"mssFile":	"",
					"md5Digest":	"70e198c9745202171b2b27f97526b3a8",
					"compatibleApp":	"zynq_fsbl",
					"domType":	"bootDomain",
					"arch":	"32-bit",
					"appSettings":	{
						"appCompilerFlags":	"",
						"appLinkerFlags":	""
					},
					"addedLibs":	["xilffs:5.2", "xilrsa:1.8"],
					"libOptions":	{
						"libsContainingOptions":	[]
					},
					"prebuiltLibs":	{
						"prebuiltIncPath":	[],
						"prebuiltLibPath":	[]
					},
					"isolation":	{
					}
				}]
		}]
}
TRACE::2025-12-26.21:57:49::SCWPlatform::Trying to open the hw design at C:/Users/12302093/AppData/Roaming/Xilinx/Vivado/myproj/Vitis4/hdmi_vdma/hw/hdmi_vdma.xsa
TRACE::2025-12-26.21:57:49::SCWPlatform::DSA given C:/Users/12302093/AppData/Roaming/Xilinx/Vivado/myproj/Vitis4/hdmi_vdma/hw/hdmi_vdma.xsa
TRACE::2025-12-26.21:57:49::SCWPlatform::DSA absoulate path C:/Users/12302093/AppData/Roaming/Xilinx/Vivado/myproj/Vitis4/hdmi_vdma/hw/hdmi_vdma.xsa
TRACE::2025-12-26.21:57:49::SCWPlatform::DSA directory C:/Users/12302093/AppData/Roaming/Xilinx/Vivado/myproj/Vitis4/hdmi_vdma/hw
TRACE::2025-12-26.21:57:49::SCWPlatform:: Platform Path C:/Users/12302093/AppData/Roaming/Xilinx/Vivado/myproj/Vitis4/hdmi_vdma/hw/hdmi_vdma.xsa
TRACE::2025-12-26.21:57:49::SCWPlatform:: Unique name xilinx:pynq-z2::0.0
TRACE::2025-12-26.21:57:49::SCWPlatform::Trying to set the existing hwdb with name design_1_wrapper_0
TRACE::2025-12-26.21:57:49::SCWPlatform::Opened existing hwdb design_1_wrapper_0
TRACE::2025-12-26.21:57:49::SCWPlatform::Found the Hw Db part of the input DSA
TRACE::2025-12-26.21:57:50::SCWDomain::checking for install qemu data   : 
TRACE::2025-12-26.21:57:50::SCWDomain:: Using the QEMU Data from install at  : C:/Xilinx/Vitis/2024.1/data/emulation/platforms/zynq/sw/a9_standalone/qemu/
TRACE::2025-12-26.21:57:50::SCWDomain:: Using the QEMU args  from install at  : C:/Xilinx/Vitis/2024.1/data/emulation/platforms/zynq/sw/a9_standalone/qemu/qemu_args.txt
TRACE::2025-12-26.21:57:50::SCWPlatform::Trying to open the hw design at C:/Users/12302093/AppData/Roaming/Xilinx/Vivado/myproj/Vitis4/hdmi_vdma/hw/hdmi_vdma.xsa
TRACE::2025-12-26.21:57:50::SCWPlatform::DSA given C:/Users/12302093/AppData/Roaming/Xilinx/Vivado/myproj/Vitis4/hdmi_vdma/hw/hdmi_vdma.xsa
TRACE::2025-12-26.21:57:50::SCWPlatform::DSA absoulate path C:/Users/12302093/AppData/Roaming/Xilinx/Vivado/myproj/Vitis4/hdmi_vdma/hw/hdmi_vdma.xsa
TRACE::2025-12-26.21:57:50::SCWPlatform::DSA directory C:/Users/12302093/AppData/Roaming/Xilinx/Vivado/myproj/Vitis4/hdmi_vdma/hw
TRACE::2025-12-26.21:57:50::SCWPlatform:: Platform Path C:/Users/12302093/AppData/Roaming/Xilinx/Vivado/myproj/Vitis4/hdmi_vdma/hw/hdmi_vdma.xsa
TRACE::2025-12-26.21:57:50::SCWPlatform:: Unique name xilinx:pynq-z2::0.0
TRACE::2025-12-26.21:57:50::SCWPlatform::Trying to set the existing hwdb with name design_1_wrapper_0
TRACE::2025-12-26.21:57:50::SCWPlatform::Opened existing hwdb design_1_wrapper_0
TRACE::2025-12-26.21:57:50::SCWPlatform::Found the Hw Db part of the input DSA
TRACE::2025-12-26.21:57:50::SCWPlatform::Trying to open the hw design at C:/Users/12302093/AppData/Roaming/Xilinx/Vivado/myproj/Vitis4/hdmi_vdma/hw/hdmi_vdma.xsa
TRACE::2025-12-26.21:57:50::SCWPlatform::DSA given C:/Users/12302093/AppData/Roaming/Xilinx/Vivado/myproj/Vitis4/hdmi_vdma/hw/hdmi_vdma.xsa
TRACE::2025-12-26.21:57:50::SCWPlatform::DSA absoulate path C:/Users/12302093/AppData/Roaming/Xilinx/Vivado/myproj/Vitis4/hdmi_vdma/hw/hdmi_vdma.xsa
TRACE::2025-12-26.21:57:50::SCWPlatform::DSA directory C:/Users/12302093/AppData/Roaming/Xilinx/Vivado/myproj/Vitis4/hdmi_vdma/hw
TRACE::2025-12-26.21:57:50::SCWPlatform:: Platform Path C:/Users/12302093/AppData/Roaming/Xilinx/Vivado/myproj/Vitis4/hdmi_vdma/hw/hdmi_vdma.xsa
TRACE::2025-12-26.21:57:50::SCWPlatform:: Unique name xilinx:pynq-z2::0.0
TRACE::2025-12-26.21:57:50::SCWPlatform::Trying to set the existing hwdb with name design_1_wrapper_0
TRACE::2025-12-26.21:57:50::SCWPlatform::Opened existing hwdb design_1_wrapper_0
TRACE::2025-12-26.21:57:50::SCWPlatform::Found the Hw Db part of the input DSA
TRACE::2025-12-26.21:57:50::SCWDomain::Qemu Directory name is changed from "" to "qemu"
TRACE::2025-12-26.21:57:50::SCWPlatform::Trying to open the hw design at C:/Users/12302093/AppData/Roaming/Xilinx/Vivado/myproj/Vitis4/hdmi_vdma/hw/hdmi_vdma.xsa
TRACE::2025-12-26.21:57:50::SCWPlatform::DSA given C:/Users/12302093/AppData/Roaming/Xilinx/Vivado/myproj/Vitis4/hdmi_vdma/hw/hdmi_vdma.xsa
TRACE::2025-12-26.21:57:50::SCWPlatform::DSA absoulate path C:/Users/12302093/AppData/Roaming/Xilinx/Vivado/myproj/Vitis4/hdmi_vdma/hw/hdmi_vdma.xsa
TRACE::2025-12-26.21:57:50::SCWPlatform::DSA directory C:/Users/12302093/AppData/Roaming/Xilinx/Vivado/myproj/Vitis4/hdmi_vdma/hw
TRACE::2025-12-26.21:57:50::SCWPlatform:: Platform Path C:/Users/12302093/AppData/Roaming/Xilinx/Vivado/myproj/Vitis4/hdmi_vdma/hw/hdmi_vdma.xsa
TRACE::2025-12-26.21:57:50::SCWPlatform:: Unique name xilinx:pynq-z2::0.0
TRACE::2025-12-26.21:57:50::SCWPlatform::Trying to set the existing hwdb with name design_1_wrapper_0
TRACE::2025-12-26.21:57:50::SCWPlatform::Opened existing hwdb design_1_wrapper_0
TRACE::2025-12-26.21:57:50::SCWPlatform::Found the Hw Db part of the input DSA
TRACE::2025-12-26.21:57:50::SCWMssOS::Checking the sw design at  C:/Users/12302093/AppData/Roaming/Xilinx/Vivado/myproj/Vitis4/hdmi_vdma/ps7_cortexa9_0/freertos10_xilinx_ps7_cortexa9_0/bsp/system.mss
TRACE::2025-12-26.21:57:50::SCWMssOS::DEBUG:  swdes dump  C:/Users/12302093/AppData/Roaming/Xilinx/Vivado/myproj/Vitis4/hdmi_vdma/zynq_fsbl/zynq_fsbl_bsp/system.mss|system||

TRACE::2025-12-26.21:57:50::SCWMssOS::No sw design opened at  C:/Users/12302093/AppData/Roaming/Xilinx/Vivado/myproj/Vitis4/hdmi_vdma/ps7_cortexa9_0/freertos10_xilinx_ps7_cortexa9_0/bsp/system.mss
TRACE::2025-12-26.21:57:50::SCWMssOS::mss does not exists at C:/Users/12302093/AppData/Roaming/Xilinx/Vivado/myproj/Vitis4/hdmi_vdma/ps7_cortexa9_0/freertos10_xilinx_ps7_cortexa9_0/bsp/system.mss
TRACE::2025-12-26.21:57:50::SCWMssOS::Creating sw design at  C:/Users/12302093/AppData/Roaming/Xilinx/Vivado/myproj/Vitis4/hdmi_vdma/ps7_cortexa9_0/freertos10_xilinx_ps7_cortexa9_0/bsp/system.mss
TRACE::2025-12-26.21:57:50::SCWMssOS::Adding the swdes entry, created swdb C:/Users/12302093/AppData/Roaming/Xilinx/Vivado/myproj/Vitis4/hdmi_vdma/ps7_cortexa9_0/freertos10_xilinx_ps7_cortexa9_0/bsp/system.mss with des name C:/Users/12302093/AppData/Roaming/Xilinx/Vivado/myproj/Vitis4/hdmi_vdma/ps7_cortexa9_0/freertos10_xilinx_ps7_cortexa9_0/bsp/system.mss
TRACE::2025-12-26.21:57:50::SCWMssOS::updating the scw layer changes to swdes at   C:/Users/12302093/AppData/Roaming/Xilinx/Vivado/myproj/Vitis4/hdmi_vdma/ps7_cortexa9_0/freertos10_xilinx_ps7_cortexa9_0/bsp/system.mss
TRACE::2025-12-26.21:57:50::SCWMssOS::Writing mss at C:/Users/12302093/AppData/Roaming/Xilinx/Vivado/myproj/Vitis4/hdmi_vdma/ps7_cortexa9_0/freertos10_xilinx_ps7_cortexa9_0/bsp/system.mss
TRACE::2025-12-26.21:57:50::SCWMssOS::Completed writing the mss file at C:/Users/12302093/AppData/Roaming/Xilinx/Vivado/myproj/Vitis4/hdmi_vdma/ps7_cortexa9_0/freertos10_xilinx_ps7_cortexa9_0/bsp
TRACE::2025-12-26.21:57:50::SCWMssOS::Picking up changes from newly written mss file into SCW Layer. 
TRACE::2025-12-26.21:57:50::SCWMssOS::Updated the changes from newly written mss file into SCW Layer. 
TRACE::2025-12-26.21:57:50::SCWMssOS::Completed writing the mss file at C:/Users/12302093/AppData/Roaming/Xilinx/Vivado/myproj/Vitis4/hdmi_vdma/ps7_cortexa9_0/freertos10_xilinx_ps7_cortexa9_0/bsp
TRACE::2025-12-26.21:57:50::SCWMssOS::Forcing BSP Sources regeneration.
TRACE::2025-12-26.21:57:56::SCWMssOS::Saving the mss changes C:/Users/12302093/AppData/Roaming/Xilinx/Vivado/myproj/Vitis4/hdmi_vdma/zynq_fsbl/zynq_fsbl_bsp/system.mss
TRACE::2025-12-26.21:57:56::SCWMssOS::Found a swdesign opened with the mssfile.
TRACE::2025-12-26.21:57:56::SCWMssOS::Completed writemss as part of save.
TRACE::2025-12-26.21:57:56::SCWMssOS::Commit changes completed.
TRACE::2025-12-26.21:57:56::SCWMssOS::Saving the mss changes C:/Users/12302093/AppData/Roaming/Xilinx/Vivado/myproj/Vitis4/hdmi_vdma/ps7_cortexa9_0/freertos10_xilinx_ps7_cortexa9_0/bsp/system.mss
TRACE::2025-12-26.21:57:56::SCWMssOS::Adding the swdes entry, mss present, able to open swdb C:/Users/12302093/AppData/Roaming/Xilinx/Vivado/myproj/Vitis4/hdmi_vdma/ps7_cortexa9_0/freertos10_xilinx_ps7_cortexa9_0/bsp/system.mss with des name system_0
TRACE::2025-12-26.21:57:56::SCWMssOS::Writing the mss file completed C:/Users/12302093/AppData/Roaming/Xilinx/Vivado/myproj/Vitis4/hdmi_vdma/ps7_cortexa9_0/freertos10_xilinx_ps7_cortexa9_0/bsp/system.mss
TRACE::2025-12-26.21:57:56::SCWMssOS::Commit changes completed.
TRACE::2025-12-26.21:57:56::SCWPlatform::Trying to open the hw design at C:/Users/12302093/AppData/Roaming/Xilinx/Vivado/myproj/Vitis4/hdmi_vdma/hw/hdmi_vdma.xsa
TRACE::2025-12-26.21:57:56::SCWPlatform::DSA given C:/Users/12302093/AppData/Roaming/Xilinx/Vivado/myproj/Vitis4/hdmi_vdma/hw/hdmi_vdma.xsa
TRACE::2025-12-26.21:57:56::SCWPlatform::DSA absoulate path C:/Users/12302093/AppData/Roaming/Xilinx/Vivado/myproj/Vitis4/hdmi_vdma/hw/hdmi_vdma.xsa
TRACE::2025-12-26.21:57:56::SCWPlatform::DSA directory C:/Users/12302093/AppData/Roaming/Xilinx/Vivado/myproj/Vitis4/hdmi_vdma/hw
TRACE::2025-12-26.21:57:56::SCWPlatform:: Platform Path C:/Users/12302093/AppData/Roaming/Xilinx/Vivado/myproj/Vitis4/hdmi_vdma/hw/hdmi_vdma.xsa
TRACE::2025-12-26.21:57:56::SCWPlatform:: Unique name xilinx:pynq-z2::0.0
TRACE::2025-12-26.21:57:56::SCWPlatform::Trying to set the existing hwdb with name design_1_wrapper_0
TRACE::2025-12-26.21:57:56::SCWPlatform::Opened existing hwdb design_1_wrapper_0
TRACE::2025-12-26.21:57:56::SCWPlatform::Found the Hw Db part of the input DSA
TRACE::2025-12-26.21:57:56::SCWMssOS::Checking the sw design at  C:/Users/12302093/AppData/Roaming/Xilinx/Vivado/myproj/Vitis4/hdmi_vdma/zynq_fsbl/zynq_fsbl_bsp/system.mss
TRACE::2025-12-26.21:57:56::SCWMssOS::DEBUG:  swdes dump  C:/Users/12302093/AppData/Roaming/Xilinx/Vivado/myproj/Vitis4/hdmi_vdma/ps7_cortexa9_0/freertos10_xilinx_ps7_cortexa9_0/bsp/system.mss|system_0||
C:/Users/12302093/AppData/Roaming/Xilinx/Vivado/myproj/Vitis4/hdmi_vdma/zynq_fsbl/zynq_fsbl_bsp/system.mss|system||

TRACE::2025-12-26.21:57:56::SCWMssOS::Sw design exists and opened at  C:/Users/12302093/AppData/Roaming/Xilinx/Vivado/myproj/Vitis4/hdmi_vdma/zynq_fsbl/zynq_fsbl_bsp/system.mss
TRACE::2025-12-26.21:57:56::SCWPlatform::Trying to open the hw design at C:/Users/12302093/AppData/Roaming/Xilinx/Vivado/myproj/Vitis4/hdmi_vdma/hw/hdmi_vdma.xsa
TRACE::2025-12-26.21:57:56::SCWPlatform::DSA given C:/Users/12302093/AppData/Roaming/Xilinx/Vivado/myproj/Vitis4/hdmi_vdma/hw/hdmi_vdma.xsa
TRACE::2025-12-26.21:57:56::SCWPlatform::DSA absoulate path C:/Users/12302093/AppData/Roaming/Xilinx/Vivado/myproj/Vitis4/hdmi_vdma/hw/hdmi_vdma.xsa
TRACE::2025-12-26.21:57:56::SCWPlatform::DSA directory C:/Users/12302093/AppData/Roaming/Xilinx/Vivado/myproj/Vitis4/hdmi_vdma/hw
TRACE::2025-12-26.21:57:56::SCWPlatform:: Platform Path C:/Users/12302093/AppData/Roaming/Xilinx/Vivado/myproj/Vitis4/hdmi_vdma/hw/hdmi_vdma.xsa
TRACE::2025-12-26.21:57:56::SCWPlatform:: Unique name xilinx:pynq-z2::0.0
TRACE::2025-12-26.21:57:56::SCWPlatform::Trying to set the existing hwdb with name design_1_wrapper_0
TRACE::2025-12-26.21:57:56::SCWPlatform::Opened existing hwdb design_1_wrapper_0
TRACE::2025-12-26.21:57:56::SCWPlatform::Found the Hw Db part of the input DSA
TRACE::2025-12-26.21:57:56::SCWMssOS::Checking the sw design at  C:/Users/12302093/AppData/Roaming/Xilinx/Vivado/myproj/Vitis4/hdmi_vdma/zynq_fsbl/zynq_fsbl_bsp/system.mss
TRACE::2025-12-26.21:57:56::SCWMssOS::DEBUG:  swdes dump  C:/Users/12302093/AppData/Roaming/Xilinx/Vivado/myproj/Vitis4/hdmi_vdma/ps7_cortexa9_0/freertos10_xilinx_ps7_cortexa9_0/bsp/system.mss|system_0||
C:/Users/12302093/AppData/Roaming/Xilinx/Vivado/myproj/Vitis4/hdmi_vdma/zynq_fsbl/zynq_fsbl_bsp/system.mss|system||

TRACE::2025-12-26.21:57:56::SCWMssOS::Sw design exists and opened at  C:/Users/12302093/AppData/Roaming/Xilinx/Vivado/myproj/Vitis4/hdmi_vdma/zynq_fsbl/zynq_fsbl_bsp/system.mss
TRACE::2025-12-26.21:57:56::SCWPlatform::Trying to open the hw design at C:/Users/12302093/AppData/Roaming/Xilinx/Vivado/myproj/Vitis4/hdmi_vdma/hw/hdmi_vdma.xsa
TRACE::2025-12-26.21:57:56::SCWPlatform::DSA given C:/Users/12302093/AppData/Roaming/Xilinx/Vivado/myproj/Vitis4/hdmi_vdma/hw/hdmi_vdma.xsa
TRACE::2025-12-26.21:57:56::SCWPlatform::DSA absoulate path C:/Users/12302093/AppData/Roaming/Xilinx/Vivado/myproj/Vitis4/hdmi_vdma/hw/hdmi_vdma.xsa
TRACE::2025-12-26.21:57:56::SCWPlatform::DSA directory C:/Users/12302093/AppData/Roaming/Xilinx/Vivado/myproj/Vitis4/hdmi_vdma/hw
TRACE::2025-12-26.21:57:56::SCWPlatform:: Platform Path C:/Users/12302093/AppData/Roaming/Xilinx/Vivado/myproj/Vitis4/hdmi_vdma/hw/hdmi_vdma.xsa
TRACE::2025-12-26.21:57:56::SCWPlatform:: Unique name xilinx:pynq-z2::0.0
TRACE::2025-12-26.21:57:56::SCWPlatform::Trying to set the existing hwdb with name design_1_wrapper_0
TRACE::2025-12-26.21:57:56::SCWPlatform::Opened existing hwdb design_1_wrapper_0
TRACE::2025-12-26.21:57:56::SCWPlatform::Found the Hw Db part of the input DSA
TRACE::2025-12-26.21:57:56::SCWMssOS::Checking the sw design at  C:/Users/12302093/AppData/Roaming/Xilinx/Vivado/myproj/Vitis4/hdmi_vdma/zynq_fsbl/zynq_fsbl_bsp/system.mss
TRACE::2025-12-26.21:57:56::SCWMssOS::DEBUG:  swdes dump  C:/Users/12302093/AppData/Roaming/Xilinx/Vivado/myproj/Vitis4/hdmi_vdma/ps7_cortexa9_0/freertos10_xilinx_ps7_cortexa9_0/bsp/system.mss|system_0||
C:/Users/12302093/AppData/Roaming/Xilinx/Vivado/myproj/Vitis4/hdmi_vdma/zynq_fsbl/zynq_fsbl_bsp/system.mss|system||

TRACE::2025-12-26.21:57:56::SCWMssOS::Sw design exists and opened at  C:/Users/12302093/AppData/Roaming/Xilinx/Vivado/myproj/Vitis4/hdmi_vdma/zynq_fsbl/zynq_fsbl_bsp/system.mss
TRACE::2025-12-26.21:57:56::SCWPlatform::Trying to open the hw design at C:/Users/12302093/AppData/Roaming/Xilinx/Vivado/myproj/Vitis4/hdmi_vdma/hw/hdmi_vdma.xsa
TRACE::2025-12-26.21:57:56::SCWPlatform::DSA given C:/Users/12302093/AppData/Roaming/Xilinx/Vivado/myproj/Vitis4/hdmi_vdma/hw/hdmi_vdma.xsa
TRACE::2025-12-26.21:57:56::SCWPlatform::DSA absoulate path C:/Users/12302093/AppData/Roaming/Xilinx/Vivado/myproj/Vitis4/hdmi_vdma/hw/hdmi_vdma.xsa
TRACE::2025-12-26.21:57:56::SCWPlatform::DSA directory C:/Users/12302093/AppData/Roaming/Xilinx/Vivado/myproj/Vitis4/hdmi_vdma/hw
TRACE::2025-12-26.21:57:56::SCWPlatform:: Platform Path C:/Users/12302093/AppData/Roaming/Xilinx/Vivado/myproj/Vitis4/hdmi_vdma/hw/hdmi_vdma.xsa
TRACE::2025-12-26.21:57:56::SCWPlatform:: Unique name xilinx:pynq-z2::0.0
TRACE::2025-12-26.21:57:56::SCWPlatform::Trying to set the existing hwdb with name design_1_wrapper_0
TRACE::2025-12-26.21:57:56::SCWPlatform::Opened existing hwdb design_1_wrapper_0
TRACE::2025-12-26.21:57:56::SCWPlatform::Found the Hw Db part of the input DSA
TRACE::2025-12-26.21:57:56::SCWMssOS::Checking the sw design at  C:/Users/12302093/AppData/Roaming/Xilinx/Vivado/myproj/Vitis4/hdmi_vdma/ps7_cortexa9_0/freertos10_xilinx_ps7_cortexa9_0/bsp/system.mss
TRACE::2025-12-26.21:57:56::SCWMssOS::DEBUG:  swdes dump  C:/Users/12302093/AppData/Roaming/Xilinx/Vivado/myproj/Vitis4/hdmi_vdma/ps7_cortexa9_0/freertos10_xilinx_ps7_cortexa9_0/bsp/system.mss|system_0||
C:/Users/12302093/AppData/Roaming/Xilinx/Vivado/myproj/Vitis4/hdmi_vdma/zynq_fsbl/zynq_fsbl_bsp/system.mss|system||

TRACE::2025-12-26.21:57:56::SCWMssOS::Sw design exists and opened at  C:/Users/12302093/AppData/Roaming/Xilinx/Vivado/myproj/Vitis4/hdmi_vdma/ps7_cortexa9_0/freertos10_xilinx_ps7_cortexa9_0/bsp/system.mss
TRACE::2025-12-26.21:57:56::SCWPlatform::Trying to open the hw design at C:/Users/12302093/AppData/Roaming/Xilinx/Vivado/myproj/Vitis4/hdmi_vdma/hw/hdmi_vdma.xsa
TRACE::2025-12-26.21:57:56::SCWPlatform::DSA given C:/Users/12302093/AppData/Roaming/Xilinx/Vivado/myproj/Vitis4/hdmi_vdma/hw/hdmi_vdma.xsa
TRACE::2025-12-26.21:57:56::SCWPlatform::DSA absoulate path C:/Users/12302093/AppData/Roaming/Xilinx/Vivado/myproj/Vitis4/hdmi_vdma/hw/hdmi_vdma.xsa
TRACE::2025-12-26.21:57:56::SCWPlatform::DSA directory C:/Users/12302093/AppData/Roaming/Xilinx/Vivado/myproj/Vitis4/hdmi_vdma/hw
TRACE::2025-12-26.21:57:56::SCWPlatform:: Platform Path C:/Users/12302093/AppData/Roaming/Xilinx/Vivado/myproj/Vitis4/hdmi_vdma/hw/hdmi_vdma.xsa
TRACE::2025-12-26.21:57:56::SCWPlatform:: Unique name xilinx:pynq-z2::0.0
TRACE::2025-12-26.21:57:56::SCWPlatform::Trying to set the existing hwdb with name design_1_wrapper_0
TRACE::2025-12-26.21:57:56::SCWPlatform::Opened existing hwdb design_1_wrapper_0
TRACE::2025-12-26.21:57:56::SCWPlatform::Found the Hw Db part of the input DSA
TRACE::2025-12-26.21:57:56::SCWMssOS::Checking the sw design at  C:/Users/12302093/AppData/Roaming/Xilinx/Vivado/myproj/Vitis4/hdmi_vdma/ps7_cortexa9_0/freertos10_xilinx_ps7_cortexa9_0/bsp/system.mss
TRACE::2025-12-26.21:57:56::SCWMssOS::DEBUG:  swdes dump  C:/Users/12302093/AppData/Roaming/Xilinx/Vivado/myproj/Vitis4/hdmi_vdma/ps7_cortexa9_0/freertos10_xilinx_ps7_cortexa9_0/bsp/system.mss|system_0||
C:/Users/12302093/AppData/Roaming/Xilinx/Vivado/myproj/Vitis4/hdmi_vdma/zynq_fsbl/zynq_fsbl_bsp/system.mss|system||

TRACE::2025-12-26.21:57:56::SCWMssOS::Sw design exists and opened at  C:/Users/12302093/AppData/Roaming/Xilinx/Vivado/myproj/Vitis4/hdmi_vdma/ps7_cortexa9_0/freertos10_xilinx_ps7_cortexa9_0/bsp/system.mss
TRACE::2025-12-26.21:57:56::SCWPlatform::Trying to open the hw design at C:/Users/12302093/AppData/Roaming/Xilinx/Vivado/myproj/Vitis4/hdmi_vdma/hw/hdmi_vdma.xsa
TRACE::2025-12-26.21:57:56::SCWPlatform::DSA given C:/Users/12302093/AppData/Roaming/Xilinx/Vivado/myproj/Vitis4/hdmi_vdma/hw/hdmi_vdma.xsa
TRACE::2025-12-26.21:57:56::SCWPlatform::DSA absoulate path C:/Users/12302093/AppData/Roaming/Xilinx/Vivado/myproj/Vitis4/hdmi_vdma/hw/hdmi_vdma.xsa
TRACE::2025-12-26.21:57:56::SCWPlatform::DSA directory C:/Users/12302093/AppData/Roaming/Xilinx/Vivado/myproj/Vitis4/hdmi_vdma/hw
TRACE::2025-12-26.21:57:56::SCWPlatform:: Platform Path C:/Users/12302093/AppData/Roaming/Xilinx/Vivado/myproj/Vitis4/hdmi_vdma/hw/hdmi_vdma.xsa
TRACE::2025-12-26.21:57:56::SCWPlatform:: Unique name xilinx:pynq-z2::0.0
TRACE::2025-12-26.21:57:56::SCWPlatform::Trying to set the existing hwdb with name design_1_wrapper_0
TRACE::2025-12-26.21:57:56::SCWPlatform::Opened existing hwdb design_1_wrapper_0
TRACE::2025-12-26.21:57:56::SCWPlatform::Found the Hw Db part of the input DSA
TRACE::2025-12-26.21:57:56::SCWMssOS::Checking the sw design at  C:/Users/12302093/AppData/Roaming/Xilinx/Vivado/myproj/Vitis4/hdmi_vdma/ps7_cortexa9_0/freertos10_xilinx_ps7_cortexa9_0/bsp/system.mss
TRACE::2025-12-26.21:57:56::SCWMssOS::DEBUG:  swdes dump  C:/Users/12302093/AppData/Roaming/Xilinx/Vivado/myproj/Vitis4/hdmi_vdma/ps7_cortexa9_0/freertos10_xilinx_ps7_cortexa9_0/bsp/system.mss|system_0||
C:/Users/12302093/AppData/Roaming/Xilinx/Vivado/myproj/Vitis4/hdmi_vdma/zynq_fsbl/zynq_fsbl_bsp/system.mss|system||

TRACE::2025-12-26.21:57:56::SCWMssOS::Sw design exists and opened at  C:/Users/12302093/AppData/Roaming/Xilinx/Vivado/myproj/Vitis4/hdmi_vdma/ps7_cortexa9_0/freertos10_xilinx_ps7_cortexa9_0/bsp/system.mss
TRACE::2025-12-26.21:57:56::SCWWriter::formatted JSON is {
	"platformName":	"hdmi_vdma",
	"sprVersion":	"2.0",
	"mode":	"gui",
	"dsaType":	"Fixed",
	"platformDesc":	"hdmi_vdma",
	"platHandOff":	"C:/Users/12302093/AppData/Roaming/Xilinx/Vivado/myproj/hdmi_vdma.xsa",
	"platIntHandOff":	"<platformDir>/hw/hdmi_vdma.xsa",
	"deviceType":	"zynq",
	"platIsPrebuiltAutogen":	"false",
	"platIsNoBootBsp":	"false",
	"platFsblTarget":	"ps7_cortexa9_0",
	"hasFsblMakeHasChanges":	"false",
	"hasPmufwMakeHasChanges":	"false",
	"fsblExtraCompilerFlags":	"-MMD -MP       -mcpu=cortex-a9 -mfpu=vfpv3 -mfloat-abi=hard ",
	"platPreBuiltFlag":	false,
	"platformSamplesDir":	"",
	"platActiveSys":	"hdmi_vdma",
	"systems":	[{
			"systemName":	"hdmi_vdma",
			"systemDesc":	"hdmi_vdma",
			"sysIsBootAutoGen":	"true",
			"systemDispName":	"hdmi_vdma",
			"sysActiveDom":	"freertos10_xilinx_ps7_cortexa9_0",
			"sysDefaultDom":	"freertos10_xilinx_ps7_cortexa9_0",
			"domains":	[{
					"domainName":	"zynq_fsbl",
					"domainDispName":	"zynq_fsbl",
					"domainDesc":	"FSBL Application BSP - Auto Generated.",
					"processors":	"ps7_cortexa9_0",
					"os":	"standalone",
					"sdxOs":	"standalone",
					"debugEnable":	"",
					"domRuntimes":	["cpp"],
					"swRepo":	"",
					"mssOsVer":	"9.1",
					"mssFile":	"",
					"md5Digest":	"70e198c9745202171b2b27f97526b3a8",
					"compatibleApp":	"zynq_fsbl",
					"domType":	"bootDomain",
					"arch":	"32-bit",
					"appSettings":	{
						"appCompilerFlags":	"",
						"appLinkerFlags":	""
					},
					"addedLibs":	["xilffs:5.2", "xilrsa:1.8"],
					"libOptions":	{
						"libsContainingOptions":	[]
					},
					"prebuiltLibs":	{
						"prebuiltIncPath":	[],
						"prebuiltLibPath":	[]
					},
					"isolation":	{
					}
				}, {
					"domainName":	"freertos10_xilinx_ps7_cortexa9_0",
					"domainDispName":	"freertos10_xilinx_ps7_cortexa9_0",
					"domainDesc":	"freertos10_xilinx_ps7_cortexa9_0",
					"processors":	"ps7_cortexa9_0",
					"os":	"freertos10_xilinx",
					"sdxOs":	"freertos10_xilinx",
					"qemuArgs":	"<platformDir>/resources/hdmi_vdma/freertos10_xilinx_ps7_cortexa9_0/qemu_args.txt",
					"qemuData":	"<platformDir>/resources/hdmi_vdma/freertos10_xilinx_ps7_cortexa9_0/qemu",
					"debugEnable":	"False",
					"domRuntimes":	["cpp"],
					"swRepo":	"",
					"mssOsVer":	"1.15",
					"mssFile":	"",
					"md5Digest":	"cffc92093176e96535fc1f78fea892dd",
					"compatibleApp":	"freertos_lwip_udp_perf_server",
					"domType":	"mssDomain",
					"arch":	"32-bit",
					"appSettings":	{
						"appCompilerFlags":	"",
						"appLinkerFlags":	""
					},
					"addedLibs":	["lwip220:1.0"],
					"libOptions":	{
						"freertos10_xilinx":	{
							"total_heap_size":	"262140",
							"libOptionNames":	["total_heap_size"]
						},
						"libsContainingOptions":	["freertos10_xilinx"]
					},
					"prebuiltLibs":	{
						"prebuiltIncPath":	[],
						"prebuiltLibPath":	[]
					},
					"isolation":	{
					}
				}]
		}]
}
LOG::2025-12-26.21:57:56::SCWPlatform::Started generating the artifacts platform hdmi_vdma
TRACE::2025-12-26.21:57:56::SCWPlatform::Sanity checking of platform is completed
LOG::2025-12-26.21:57:56::SCWPlatform::Started generating the artifacts for system configuration hdmi_vdma
LOG::2025-12-26.21:57:56::SCWSystem::Checking the domain zynq_fsbl
LOG::2025-12-26.21:57:56::SCWSystem::Doing application build for :  zynq_fsbl
TRACE::2025-12-26.21:57:56::SCWBDomain::Not a forced makefile updation, No changes are present. 
TRACE::2025-12-26.21:57:56::SCWDomain::Skipping the build for domain :  zynq_fsbl
LOG::2025-12-26.21:57:56::SCWSystem::Checking the domain freertos10_xilinx_ps7_cortexa9_0
LOG::2025-12-26.21:57:56::SCWSystem::Not a boot domain 
LOG::2025-12-26.21:57:56::SCWSystem::Started Processing the domain freertos10_xilinx_ps7_cortexa9_0
TRACE::2025-12-26.21:57:56::SCWDomain::Generating domain artifcats
TRACE::2025-12-26.21:57:56::SCWMssOS::Generating standalone artifcats
TRACE::2025-12-26.21:57:56::SCWMssOS::Copying the qemu file from  C:/Users/12302093/AppData/Roaming/Xilinx/Vivado/myproj/Vitis4/hdmi_vdma/resources/hdmi_vdma/freertos10_xilinx_ps7_cortexa9_0/qemu_args.txt To C:/Users/12302093/AppData/Roaming/Xilinx/Vivado/myproj/Vitis4/hdmi_vdma/export/hdmi_vdma/sw/hdmi_vdma/qemu/
TRACE::2025-12-26.21:57:56::SCWMssOS::Copying the qemu file from  C:/Users/12302093/AppData/Roaming/Xilinx/Vivado/myproj/Vitis4/hdmi_vdma/resources/hdmi_vdma/freertos10_xilinx_ps7_cortexa9_0/qemu_args.txt To C:/Users/12302093/AppData/Roaming/Xilinx/Vivado/myproj/Vitis4/hdmi_vdma/export/hdmi_vdma/sw/hdmi_vdma/freertos10_xilinx_ps7_cortexa9_0/qemu/
TRACE::2025-12-26.21:57:56::SCWMssOS:: Copying the user libraries. 
TRACE::2025-12-26.21:57:56::SCWPlatform::Trying to open the hw design at C:/Users/12302093/AppData/Roaming/Xilinx/Vivado/myproj/Vitis4/hdmi_vdma/hw/hdmi_vdma.xsa
TRACE::2025-12-26.21:57:56::SCWPlatform::DSA given C:/Users/12302093/AppData/Roaming/Xilinx/Vivado/myproj/Vitis4/hdmi_vdma/hw/hdmi_vdma.xsa
TRACE::2025-12-26.21:57:56::SCWPlatform::DSA absoulate path C:/Users/12302093/AppData/Roaming/Xilinx/Vivado/myproj/Vitis4/hdmi_vdma/hw/hdmi_vdma.xsa
TRACE::2025-12-26.21:57:56::SCWPlatform::DSA directory C:/Users/12302093/AppData/Roaming/Xilinx/Vivado/myproj/Vitis4/hdmi_vdma/hw
TRACE::2025-12-26.21:57:56::SCWPlatform:: Platform Path C:/Users/12302093/AppData/Roaming/Xilinx/Vivado/myproj/Vitis4/hdmi_vdma/hw/hdmi_vdma.xsa
TRACE::2025-12-26.21:57:56::SCWPlatform:: Unique name xilinx:pynq-z2::0.0
TRACE::2025-12-26.21:57:56::SCWPlatform::Trying to set the existing hwdb with name design_1_wrapper_0
TRACE::2025-12-26.21:57:56::SCWPlatform::Opened existing hwdb design_1_wrapper_0
TRACE::2025-12-26.21:57:56::SCWPlatform::Found the Hw Db part of the input DSA
TRACE::2025-12-26.21:57:56::SCWMssOS::Checking the sw design at  C:/Users/12302093/AppData/Roaming/Xilinx/Vivado/myproj/Vitis4/hdmi_vdma/ps7_cortexa9_0/freertos10_xilinx_ps7_cortexa9_0/bsp/system.mss
TRACE::2025-12-26.21:57:56::SCWMssOS::DEBUG:  swdes dump  C:/Users/12302093/AppData/Roaming/Xilinx/Vivado/myproj/Vitis4/hdmi_vdma/ps7_cortexa9_0/freertos10_xilinx_ps7_cortexa9_0/bsp/system.mss|system_0||
C:/Users/12302093/AppData/Roaming/Xilinx/Vivado/myproj/Vitis4/hdmi_vdma/zynq_fsbl/zynq_fsbl_bsp/system.mss|system||

TRACE::2025-12-26.21:57:56::SCWMssOS::Sw design exists and opened at  C:/Users/12302093/AppData/Roaming/Xilinx/Vivado/myproj/Vitis4/hdmi_vdma/ps7_cortexa9_0/freertos10_xilinx_ps7_cortexa9_0/bsp/system.mss
TRACE::2025-12-26.21:57:56::SCWMssOS::Completed writing the mss file at C:/Users/12302093/AppData/Roaming/Xilinx/Vivado/myproj/Vitis4/hdmi_vdma/ps7_cortexa9_0/freertos10_xilinx_ps7_cortexa9_0/bsp
TRACE::2025-12-26.21:57:56::SCWMssOS::Mss edits present, copying mssfile into export location C:/Users/12302093/AppData/Roaming/Xilinx/Vivado/myproj/Vitis4/hdmi_vdma/ps7_cortexa9_0/freertos10_xilinx_ps7_cortexa9_0/bsp/system.mss
TRACE::2025-12-26.21:57:56::SCWMssOS::bsp generated is upto date with the mss file. Skipping bsp generation.
TRACE::2025-12-26.21:57:56::SCWMssOS::BSP is already built. skipping the bsp build ... 
TRACE::2025-12-26.21:57:56::SCWDomain::Skipping the build for domain :  freertos10_xilinx_ps7_cortexa9_0
TRACE::2025-12-26.21:57:56::SCWMssOS::skipping the bsp build ... 
TRACE::2025-12-26.21:57:56::SCWMssOS::Copying to export directory.
TRACE::2025-12-26.21:57:56::SCWMssOS:: Checking if to create the Supporting Applications
TRACE::2025-12-26.21:57:56::SCWMssOS:: No Linux domain exists, trying to generate FSBL 
TRACE::2025-12-26.21:57:56::SCWMssOS:: Completed Standalone Artifacts creation 
LOG::2025-12-26.21:57:56::SCWSystem::Completed Processing the domain freertos10_xilinx_ps7_cortexa9_0
LOG::2025-12-26.21:57:56::SCWSystem::Completed Processing the sysconfig hdmi_vdma
LOG::2025-12-26.21:57:56::SCWPlatform::Completed generating the artifacts for system configuration hdmi_vdma
TRACE::2025-12-26.21:57:56::SCWPlatform::Started preparing the platform 
TRACE::2025-12-26.21:57:56::SCWSystem::Writing the bif file for system config hdmi_vdma
TRACE::2025-12-26.21:57:56::SCWSystem::dir created 
TRACE::2025-12-26.21:57:56::SCWSystem::Writing the bif 
TRACE::2025-12-26.21:57:56::SCWPlatform::Started writing the spfm file 
TRACE::2025-12-26.21:57:56::SCWPlatform::Started writing the xpfm file 
TRACE::2025-12-26.21:57:56::SCWPlatform::Completed generating the platform
TRACE::2025-12-26.21:57:56::SCWMssOS::Saving the mss changes C:/Users/12302093/AppData/Roaming/Xilinx/Vivado/myproj/Vitis4/hdmi_vdma/zynq_fsbl/zynq_fsbl_bsp/system.mss
TRACE::2025-12-26.21:57:56::SCWMssOS::Found a swdesign opened with the mssfile.
TRACE::2025-12-26.21:57:56::SCWMssOS::Completed writemss as part of save.
TRACE::2025-12-26.21:57:56::SCWMssOS::Commit changes completed.
TRACE::2025-12-26.21:57:56::SCWMssOS::Saving the mss changes C:/Users/12302093/AppData/Roaming/Xilinx/Vivado/myproj/Vitis4/hdmi_vdma/ps7_cortexa9_0/freertos10_xilinx_ps7_cortexa9_0/bsp/system.mss
TRACE::2025-12-26.21:57:56::SCWMssOS::Found a swdesign opened with the mssfile.
TRACE::2025-12-26.21:57:56::SCWMssOS::Completed writemss as part of save.
TRACE::2025-12-26.21:57:56::SCWMssOS::Commit changes completed.
TRACE::2025-12-26.21:57:56::SCWPlatform::Trying to open the hw design at C:/Users/12302093/AppData/Roaming/Xilinx/Vivado/myproj/Vitis4/hdmi_vdma/hw/hdmi_vdma.xsa
TRACE::2025-12-26.21:57:56::SCWPlatform::DSA given C:/Users/12302093/AppData/Roaming/Xilinx/Vivado/myproj/Vitis4/hdmi_vdma/hw/hdmi_vdma.xsa
TRACE::2025-12-26.21:57:56::SCWPlatform::DSA absoulate path C:/Users/12302093/AppData/Roaming/Xilinx/Vivado/myproj/Vitis4/hdmi_vdma/hw/hdmi_vdma.xsa
TRACE::2025-12-26.21:57:56::SCWPlatform::DSA directory C:/Users/12302093/AppData/Roaming/Xilinx/Vivado/myproj/Vitis4/hdmi_vdma/hw
TRACE::2025-12-26.21:57:56::SCWPlatform:: Platform Path C:/Users/12302093/AppData/Roaming/Xilinx/Vivado/myproj/Vitis4/hdmi_vdma/hw/hdmi_vdma.xsa
TRACE::2025-12-26.21:57:56::SCWPlatform:: Unique name xilinx:pynq-z2::0.0
TRACE::2025-12-26.21:57:56::SCWPlatform::Trying to set the existing hwdb with name design_1_wrapper_0
TRACE::2025-12-26.21:57:56::SCWPlatform::Opened existing hwdb design_1_wrapper_0
TRACE::2025-12-26.21:57:56::SCWPlatform::Found the Hw Db part of the input DSA
TRACE::2025-12-26.21:57:56::SCWMssOS::Checking the sw design at  C:/Users/12302093/AppData/Roaming/Xilinx/Vivado/myproj/Vitis4/hdmi_vdma/zynq_fsbl/zynq_fsbl_bsp/system.mss
TRACE::2025-12-26.21:57:56::SCWMssOS::DEBUG:  swdes dump  C:/Users/12302093/AppData/Roaming/Xilinx/Vivado/myproj/Vitis4/hdmi_vdma/ps7_cortexa9_0/freertos10_xilinx_ps7_cortexa9_0/bsp/system.mss|system_0||
C:/Users/12302093/AppData/Roaming/Xilinx/Vivado/myproj/Vitis4/hdmi_vdma/zynq_fsbl/zynq_fsbl_bsp/system.mss|system||

TRACE::2025-12-26.21:57:56::SCWMssOS::Sw design exists and opened at  C:/Users/12302093/AppData/Roaming/Xilinx/Vivado/myproj/Vitis4/hdmi_vdma/zynq_fsbl/zynq_fsbl_bsp/system.mss
TRACE::2025-12-26.21:57:56::SCWPlatform::Trying to open the hw design at C:/Users/12302093/AppData/Roaming/Xilinx/Vivado/myproj/Vitis4/hdmi_vdma/hw/hdmi_vdma.xsa
TRACE::2025-12-26.21:57:56::SCWPlatform::DSA given C:/Users/12302093/AppData/Roaming/Xilinx/Vivado/myproj/Vitis4/hdmi_vdma/hw/hdmi_vdma.xsa
TRACE::2025-12-26.21:57:56::SCWPlatform::DSA absoulate path C:/Users/12302093/AppData/Roaming/Xilinx/Vivado/myproj/Vitis4/hdmi_vdma/hw/hdmi_vdma.xsa
TRACE::2025-12-26.21:57:56::SCWPlatform::DSA directory C:/Users/12302093/AppData/Roaming/Xilinx/Vivado/myproj/Vitis4/hdmi_vdma/hw
TRACE::2025-12-26.21:57:56::SCWPlatform:: Platform Path C:/Users/12302093/AppData/Roaming/Xilinx/Vivado/myproj/Vitis4/hdmi_vdma/hw/hdmi_vdma.xsa
TRACE::2025-12-26.21:57:56::SCWPlatform:: Unique name xilinx:pynq-z2::0.0
TRACE::2025-12-26.21:57:56::SCWPlatform::Trying to set the existing hwdb with name design_1_wrapper_0
TRACE::2025-12-26.21:57:56::SCWPlatform::Opened existing hwdb design_1_wrapper_0
TRACE::2025-12-26.21:57:56::SCWPlatform::Found the Hw Db part of the input DSA
TRACE::2025-12-26.21:57:56::SCWMssOS::Checking the sw design at  C:/Users/12302093/AppData/Roaming/Xilinx/Vivado/myproj/Vitis4/hdmi_vdma/zynq_fsbl/zynq_fsbl_bsp/system.mss
TRACE::2025-12-26.21:57:56::SCWMssOS::DEBUG:  swdes dump  C:/Users/12302093/AppData/Roaming/Xilinx/Vivado/myproj/Vitis4/hdmi_vdma/ps7_cortexa9_0/freertos10_xilinx_ps7_cortexa9_0/bsp/system.mss|system_0||
C:/Users/12302093/AppData/Roaming/Xilinx/Vivado/myproj/Vitis4/hdmi_vdma/zynq_fsbl/zynq_fsbl_bsp/system.mss|system||

TRACE::2025-12-26.21:57:56::SCWMssOS::Sw design exists and opened at  C:/Users/12302093/AppData/Roaming/Xilinx/Vivado/myproj/Vitis4/hdmi_vdma/zynq_fsbl/zynq_fsbl_bsp/system.mss
TRACE::2025-12-26.21:57:56::SCWPlatform::Trying to open the hw design at C:/Users/12302093/AppData/Roaming/Xilinx/Vivado/myproj/Vitis4/hdmi_vdma/hw/hdmi_vdma.xsa
TRACE::2025-12-26.21:57:56::SCWPlatform::DSA given C:/Users/12302093/AppData/Roaming/Xilinx/Vivado/myproj/Vitis4/hdmi_vdma/hw/hdmi_vdma.xsa
TRACE::2025-12-26.21:57:56::SCWPlatform::DSA absoulate path C:/Users/12302093/AppData/Roaming/Xilinx/Vivado/myproj/Vitis4/hdmi_vdma/hw/hdmi_vdma.xsa
TRACE::2025-12-26.21:57:56::SCWPlatform::DSA directory C:/Users/12302093/AppData/Roaming/Xilinx/Vivado/myproj/Vitis4/hdmi_vdma/hw
TRACE::2025-12-26.21:57:56::SCWPlatform:: Platform Path C:/Users/12302093/AppData/Roaming/Xilinx/Vivado/myproj/Vitis4/hdmi_vdma/hw/hdmi_vdma.xsa
TRACE::2025-12-26.21:57:56::SCWPlatform:: Unique name xilinx:pynq-z2::0.0
TRACE::2025-12-26.21:57:56::SCWPlatform::Trying to set the existing hwdb with name design_1_wrapper_0
TRACE::2025-12-26.21:57:56::SCWPlatform::Opened existing hwdb design_1_wrapper_0
TRACE::2025-12-26.21:57:56::SCWPlatform::Found the Hw Db part of the input DSA
TRACE::2025-12-26.21:57:56::SCWMssOS::Checking the sw design at  C:/Users/12302093/AppData/Roaming/Xilinx/Vivado/myproj/Vitis4/hdmi_vdma/zynq_fsbl/zynq_fsbl_bsp/system.mss
TRACE::2025-12-26.21:57:56::SCWMssOS::DEBUG:  swdes dump  C:/Users/12302093/AppData/Roaming/Xilinx/Vivado/myproj/Vitis4/hdmi_vdma/ps7_cortexa9_0/freertos10_xilinx_ps7_cortexa9_0/bsp/system.mss|system_0||
C:/Users/12302093/AppData/Roaming/Xilinx/Vivado/myproj/Vitis4/hdmi_vdma/zynq_fsbl/zynq_fsbl_bsp/system.mss|system||

TRACE::2025-12-26.21:57:56::SCWMssOS::Sw design exists and opened at  C:/Users/12302093/AppData/Roaming/Xilinx/Vivado/myproj/Vitis4/hdmi_vdma/zynq_fsbl/zynq_fsbl_bsp/system.mss
TRACE::2025-12-26.21:57:56::SCWPlatform::Trying to open the hw design at C:/Users/12302093/AppData/Roaming/Xilinx/Vivado/myproj/Vitis4/hdmi_vdma/hw/hdmi_vdma.xsa
TRACE::2025-12-26.21:57:56::SCWPlatform::DSA given C:/Users/12302093/AppData/Roaming/Xilinx/Vivado/myproj/Vitis4/hdmi_vdma/hw/hdmi_vdma.xsa
TRACE::2025-12-26.21:57:56::SCWPlatform::DSA absoulate path C:/Users/12302093/AppData/Roaming/Xilinx/Vivado/myproj/Vitis4/hdmi_vdma/hw/hdmi_vdma.xsa
TRACE::2025-12-26.21:57:56::SCWPlatform::DSA directory C:/Users/12302093/AppData/Roaming/Xilinx/Vivado/myproj/Vitis4/hdmi_vdma/hw
TRACE::2025-12-26.21:57:56::SCWPlatform:: Platform Path C:/Users/12302093/AppData/Roaming/Xilinx/Vivado/myproj/Vitis4/hdmi_vdma/hw/hdmi_vdma.xsa
TRACE::2025-12-26.21:57:56::SCWPlatform:: Unique name xilinx:pynq-z2::0.0
TRACE::2025-12-26.21:57:56::SCWPlatform::Trying to set the existing hwdb with name design_1_wrapper_0
TRACE::2025-12-26.21:57:56::SCWPlatform::Opened existing hwdb design_1_wrapper_0
TRACE::2025-12-26.21:57:56::SCWPlatform::Found the Hw Db part of the input DSA
TRACE::2025-12-26.21:57:56::SCWMssOS::Checking the sw design at  C:/Users/12302093/AppData/Roaming/Xilinx/Vivado/myproj/Vitis4/hdmi_vdma/ps7_cortexa9_0/freertos10_xilinx_ps7_cortexa9_0/bsp/system.mss
TRACE::2025-12-26.21:57:56::SCWMssOS::DEBUG:  swdes dump  C:/Users/12302093/AppData/Roaming/Xilinx/Vivado/myproj/Vitis4/hdmi_vdma/ps7_cortexa9_0/freertos10_xilinx_ps7_cortexa9_0/bsp/system.mss|system_0||
C:/Users/12302093/AppData/Roaming/Xilinx/Vivado/myproj/Vitis4/hdmi_vdma/zynq_fsbl/zynq_fsbl_bsp/system.mss|system||

TRACE::2025-12-26.21:57:56::SCWMssOS::Sw design exists and opened at  C:/Users/12302093/AppData/Roaming/Xilinx/Vivado/myproj/Vitis4/hdmi_vdma/ps7_cortexa9_0/freertos10_xilinx_ps7_cortexa9_0/bsp/system.mss
TRACE::2025-12-26.21:57:56::SCWPlatform::Trying to open the hw design at C:/Users/12302093/AppData/Roaming/Xilinx/Vivado/myproj/Vitis4/hdmi_vdma/hw/hdmi_vdma.xsa
TRACE::2025-12-26.21:57:56::SCWPlatform::DSA given C:/Users/12302093/AppData/Roaming/Xilinx/Vivado/myproj/Vitis4/hdmi_vdma/hw/hdmi_vdma.xsa
TRACE::2025-12-26.21:57:56::SCWPlatform::DSA absoulate path C:/Users/12302093/AppData/Roaming/Xilinx/Vivado/myproj/Vitis4/hdmi_vdma/hw/hdmi_vdma.xsa
TRACE::2025-12-26.21:57:56::SCWPlatform::DSA directory C:/Users/12302093/AppData/Roaming/Xilinx/Vivado/myproj/Vitis4/hdmi_vdma/hw
TRACE::2025-12-26.21:57:56::SCWPlatform:: Platform Path C:/Users/12302093/AppData/Roaming/Xilinx/Vivado/myproj/Vitis4/hdmi_vdma/hw/hdmi_vdma.xsa
TRACE::2025-12-26.21:57:56::SCWPlatform:: Unique name xilinx:pynq-z2::0.0
TRACE::2025-12-26.21:57:56::SCWPlatform::Trying to set the existing hwdb with name design_1_wrapper_0
TRACE::2025-12-26.21:57:56::SCWPlatform::Opened existing hwdb design_1_wrapper_0
TRACE::2025-12-26.21:57:56::SCWPlatform::Found the Hw Db part of the input DSA
TRACE::2025-12-26.21:57:56::SCWMssOS::Checking the sw design at  C:/Users/12302093/AppData/Roaming/Xilinx/Vivado/myproj/Vitis4/hdmi_vdma/ps7_cortexa9_0/freertos10_xilinx_ps7_cortexa9_0/bsp/system.mss
TRACE::2025-12-26.21:57:56::SCWMssOS::DEBUG:  swdes dump  C:/Users/12302093/AppData/Roaming/Xilinx/Vivado/myproj/Vitis4/hdmi_vdma/ps7_cortexa9_0/freertos10_xilinx_ps7_cortexa9_0/bsp/system.mss|system_0||
C:/Users/12302093/AppData/Roaming/Xilinx/Vivado/myproj/Vitis4/hdmi_vdma/zynq_fsbl/zynq_fsbl_bsp/system.mss|system||

TRACE::2025-12-26.21:57:56::SCWMssOS::Sw design exists and opened at  C:/Users/12302093/AppData/Roaming/Xilinx/Vivado/myproj/Vitis4/hdmi_vdma/ps7_cortexa9_0/freertos10_xilinx_ps7_cortexa9_0/bsp/system.mss
TRACE::2025-12-26.21:57:56::SCWPlatform::Trying to open the hw design at C:/Users/12302093/AppData/Roaming/Xilinx/Vivado/myproj/Vitis4/hdmi_vdma/hw/hdmi_vdma.xsa
TRACE::2025-12-26.21:57:56::SCWPlatform::DSA given C:/Users/12302093/AppData/Roaming/Xilinx/Vivado/myproj/Vitis4/hdmi_vdma/hw/hdmi_vdma.xsa
TRACE::2025-12-26.21:57:56::SCWPlatform::DSA absoulate path C:/Users/12302093/AppData/Roaming/Xilinx/Vivado/myproj/Vitis4/hdmi_vdma/hw/hdmi_vdma.xsa
TRACE::2025-12-26.21:57:56::SCWPlatform::DSA directory C:/Users/12302093/AppData/Roaming/Xilinx/Vivado/myproj/Vitis4/hdmi_vdma/hw
TRACE::2025-12-26.21:57:56::SCWPlatform:: Platform Path C:/Users/12302093/AppData/Roaming/Xilinx/Vivado/myproj/Vitis4/hdmi_vdma/hw/hdmi_vdma.xsa
TRACE::2025-12-26.21:57:56::SCWPlatform:: Unique name xilinx:pynq-z2::0.0
TRACE::2025-12-26.21:57:56::SCWPlatform::Trying to set the existing hwdb with name design_1_wrapper_0
TRACE::2025-12-26.21:57:56::SCWPlatform::Opened existing hwdb design_1_wrapper_0
TRACE::2025-12-26.21:57:56::SCWPlatform::Found the Hw Db part of the input DSA
TRACE::2025-12-26.21:57:56::SCWMssOS::Checking the sw design at  C:/Users/12302093/AppData/Roaming/Xilinx/Vivado/myproj/Vitis4/hdmi_vdma/ps7_cortexa9_0/freertos10_xilinx_ps7_cortexa9_0/bsp/system.mss
TRACE::2025-12-26.21:57:56::SCWMssOS::DEBUG:  swdes dump  C:/Users/12302093/AppData/Roaming/Xilinx/Vivado/myproj/Vitis4/hdmi_vdma/ps7_cortexa9_0/freertos10_xilinx_ps7_cortexa9_0/bsp/system.mss|system_0||
C:/Users/12302093/AppData/Roaming/Xilinx/Vivado/myproj/Vitis4/hdmi_vdma/zynq_fsbl/zynq_fsbl_bsp/system.mss|system||

TRACE::2025-12-26.21:57:56::SCWMssOS::Sw design exists and opened at  C:/Users/12302093/AppData/Roaming/Xilinx/Vivado/myproj/Vitis4/hdmi_vdma/ps7_cortexa9_0/freertos10_xilinx_ps7_cortexa9_0/bsp/system.mss
TRACE::2025-12-26.21:57:56::SCWWriter::formatted JSON is {
	"platformName":	"hdmi_vdma",
	"sprVersion":	"2.0",
	"mode":	"gui",
	"dsaType":	"Fixed",
	"platformDesc":	"hdmi_vdma",
	"platHandOff":	"C:/Users/12302093/AppData/Roaming/Xilinx/Vivado/myproj/hdmi_vdma.xsa",
	"platIntHandOff":	"<platformDir>/hw/hdmi_vdma.xsa",
	"deviceType":	"zynq",
	"platIsPrebuiltAutogen":	"false",
	"platIsNoBootBsp":	"false",
	"platFsblTarget":	"ps7_cortexa9_0",
	"hasFsblMakeHasChanges":	"false",
	"hasPmufwMakeHasChanges":	"false",
	"fsblExtraCompilerFlags":	"-MMD -MP       -mcpu=cortex-a9 -mfpu=vfpv3 -mfloat-abi=hard ",
	"platPreBuiltFlag":	false,
	"platformSamplesDir":	"",
	"platActiveSys":	"hdmi_vdma",
	"systems":	[{
			"systemName":	"hdmi_vdma",
			"systemDesc":	"hdmi_vdma",
			"sysIsBootAutoGen":	"true",
			"systemDispName":	"hdmi_vdma",
			"sysActiveDom":	"freertos10_xilinx_ps7_cortexa9_0",
			"sysDefaultDom":	"freertos10_xilinx_ps7_cortexa9_0",
			"domains":	[{
					"domainName":	"zynq_fsbl",
					"domainDispName":	"zynq_fsbl",
					"domainDesc":	"FSBL Application BSP - Auto Generated.",
					"processors":	"ps7_cortexa9_0",
					"os":	"standalone",
					"sdxOs":	"standalone",
					"debugEnable":	"",
					"domRuntimes":	["cpp"],
					"swRepo":	"",
					"mssOsVer":	"9.1",
					"mssFile":	"",
					"md5Digest":	"70e198c9745202171b2b27f97526b3a8",
					"compatibleApp":	"zynq_fsbl",
					"domType":	"bootDomain",
					"arch":	"32-bit",
					"appSettings":	{
						"appCompilerFlags":	"",
						"appLinkerFlags":	""
					},
					"addedLibs":	["xilffs:5.2", "xilrsa:1.8"],
					"libOptions":	{
						"libsContainingOptions":	[]
					},
					"prebuiltLibs":	{
						"prebuiltIncPath":	[],
						"prebuiltLibPath":	[]
					},
					"isolation":	{
					}
				}, {
					"domainName":	"freertos10_xilinx_ps7_cortexa9_0",
					"domainDispName":	"freertos10_xilinx_ps7_cortexa9_0",
					"domainDesc":	"freertos10_xilinx_ps7_cortexa9_0",
					"processors":	"ps7_cortexa9_0",
					"os":	"freertos10_xilinx",
					"sdxOs":	"freertos10_xilinx",
					"qemuArgs":	"<platformDir>/resources/hdmi_vdma/freertos10_xilinx_ps7_cortexa9_0/qemu_args.txt",
					"qemuData":	"<platformDir>/resources/hdmi_vdma/freertos10_xilinx_ps7_cortexa9_0/qemu",
					"debugEnable":	"False",
					"domRuntimes":	["cpp"],
					"swRepo":	"",
					"mssOsVer":	"1.15",
					"mssFile":	"",
					"md5Digest":	"cffc92093176e96535fc1f78fea892dd",
					"compatibleApp":	"freertos_lwip_udp_perf_server",
					"domType":	"mssDomain",
					"arch":	"32-bit",
					"appSettings":	{
						"appCompilerFlags":	"",
						"appLinkerFlags":	""
					},
					"addedLibs":	["lwip220:1.0"],
					"libOptions":	{
						"freertos10_xilinx":	{
							"total_heap_size":	"262140",
							"libOptionNames":	["total_heap_size"]
						},
						"libsContainingOptions":	["freertos10_xilinx"]
					},
					"prebuiltLibs":	{
						"prebuiltIncPath":	[],
						"prebuiltLibPath":	[]
					},
					"isolation":	{
					}
				}]
		}]
}
KEYINFO::2025-12-26.21:57:56::SCWPlatform::updated the xpfm file.
TRACE::2025-12-26.21:57:56::SCWPlatform::Trying to open the hw design at C:/Users/12302093/AppData/Roaming/Xilinx/Vivado/myproj/Vitis4/hdmi_vdma/hw/hdmi_vdma.xsa
TRACE::2025-12-26.21:57:56::SCWPlatform::DSA given C:/Users/12302093/AppData/Roaming/Xilinx/Vivado/myproj/Vitis4/hdmi_vdma/hw/hdmi_vdma.xsa
TRACE::2025-12-26.21:57:56::SCWPlatform::DSA absoulate path C:/Users/12302093/AppData/Roaming/Xilinx/Vivado/myproj/Vitis4/hdmi_vdma/hw/hdmi_vdma.xsa
TRACE::2025-12-26.21:57:56::SCWPlatform::DSA directory C:/Users/12302093/AppData/Roaming/Xilinx/Vivado/myproj/Vitis4/hdmi_vdma/hw
TRACE::2025-12-26.21:57:56::SCWPlatform:: Platform Path C:/Users/12302093/AppData/Roaming/Xilinx/Vivado/myproj/Vitis4/hdmi_vdma/hw/hdmi_vdma.xsa
TRACE::2025-12-26.21:57:56::SCWPlatform:: Unique name xilinx:pynq-z2::0.0
TRACE::2025-12-26.21:57:56::SCWPlatform::Trying to set the existing hwdb with name design_1_wrapper_0
TRACE::2025-12-26.21:57:56::SCWPlatform::Opened existing hwdb design_1_wrapper_0
TRACE::2025-12-26.21:57:56::SCWPlatform::Found the Hw Db part of the input DSA
TRACE::2025-12-26.21:57:56::SCWMssOS::Checking the sw design at  C:/Users/12302093/AppData/Roaming/Xilinx/Vivado/myproj/Vitis4/hdmi_vdma/ps7_cortexa9_0/freertos10_xilinx_ps7_cortexa9_0/bsp/system.mss
TRACE::2025-12-26.21:57:56::SCWMssOS::DEBUG:  swdes dump  C:/Users/12302093/AppData/Roaming/Xilinx/Vivado/myproj/Vitis4/hdmi_vdma/ps7_cortexa9_0/freertos10_xilinx_ps7_cortexa9_0/bsp/system.mss|system_0||
C:/Users/12302093/AppData/Roaming/Xilinx/Vivado/myproj/Vitis4/hdmi_vdma/zynq_fsbl/zynq_fsbl_bsp/system.mss|system||

TRACE::2025-12-26.21:57:56::SCWMssOS::Sw design exists and opened at  C:/Users/12302093/AppData/Roaming/Xilinx/Vivado/myproj/Vitis4/hdmi_vdma/ps7_cortexa9_0/freertos10_xilinx_ps7_cortexa9_0/bsp/system.mss
TRACE::2025-12-26.21:57:56::SCWMssOS::Saving the mss changes C:/Users/12302093/AppData/Roaming/Xilinx/Vivado/myproj/Vitis4/hdmi_vdma/zynq_fsbl/zynq_fsbl_bsp/system.mss
TRACE::2025-12-26.21:57:56::SCWMssOS::Found a swdesign opened with the mssfile.
TRACE::2025-12-26.21:57:56::SCWMssOS::Completed writemss as part of save.
TRACE::2025-12-26.21:57:56::SCWMssOS::Commit changes completed.
TRACE::2025-12-26.21:57:56::SCWMssOS::Saving the mss changes C:/Users/12302093/AppData/Roaming/Xilinx/Vivado/myproj/Vitis4/hdmi_vdma/ps7_cortexa9_0/freertos10_xilinx_ps7_cortexa9_0/bsp/system.mss
TRACE::2025-12-26.21:57:56::SCWMssOS::Found a swdesign opened with the mssfile.
TRACE::2025-12-26.21:57:56::SCWMssOS::Completed writemss as part of save.
TRACE::2025-12-26.21:57:56::SCWMssOS::Commit changes completed.
TRACE::2025-12-26.21:57:56::SCWPlatform::Trying to open the hw design at C:/Users/12302093/AppData/Roaming/Xilinx/Vivado/myproj/Vitis4/hdmi_vdma/hw/hdmi_vdma.xsa
TRACE::2025-12-26.21:57:56::SCWPlatform::DSA given C:/Users/12302093/AppData/Roaming/Xilinx/Vivado/myproj/Vitis4/hdmi_vdma/hw/hdmi_vdma.xsa
TRACE::2025-12-26.21:57:56::SCWPlatform::DSA absoulate path C:/Users/12302093/AppData/Roaming/Xilinx/Vivado/myproj/Vitis4/hdmi_vdma/hw/hdmi_vdma.xsa
TRACE::2025-12-26.21:57:56::SCWPlatform::DSA directory C:/Users/12302093/AppData/Roaming/Xilinx/Vivado/myproj/Vitis4/hdmi_vdma/hw
TRACE::2025-12-26.21:57:56::SCWPlatform:: Platform Path C:/Users/12302093/AppData/Roaming/Xilinx/Vivado/myproj/Vitis4/hdmi_vdma/hw/hdmi_vdma.xsa
TRACE::2025-12-26.21:57:56::SCWPlatform:: Unique name xilinx:pynq-z2::0.0
TRACE::2025-12-26.21:57:56::SCWPlatform::Trying to set the existing hwdb with name design_1_wrapper_0
TRACE::2025-12-26.21:57:56::SCWPlatform::Opened existing hwdb design_1_wrapper_0
TRACE::2025-12-26.21:57:56::SCWPlatform::Found the Hw Db part of the input DSA
TRACE::2025-12-26.21:57:56::SCWMssOS::Checking the sw design at  C:/Users/12302093/AppData/Roaming/Xilinx/Vivado/myproj/Vitis4/hdmi_vdma/zynq_fsbl/zynq_fsbl_bsp/system.mss
TRACE::2025-12-26.21:57:56::SCWMssOS::DEBUG:  swdes dump  C:/Users/12302093/AppData/Roaming/Xilinx/Vivado/myproj/Vitis4/hdmi_vdma/ps7_cortexa9_0/freertos10_xilinx_ps7_cortexa9_0/bsp/system.mss|system_0||
C:/Users/12302093/AppData/Roaming/Xilinx/Vivado/myproj/Vitis4/hdmi_vdma/zynq_fsbl/zynq_fsbl_bsp/system.mss|system||

TRACE::2025-12-26.21:57:56::SCWMssOS::Sw design exists and opened at  C:/Users/12302093/AppData/Roaming/Xilinx/Vivado/myproj/Vitis4/hdmi_vdma/zynq_fsbl/zynq_fsbl_bsp/system.mss
TRACE::2025-12-26.21:57:56::SCWPlatform::Trying to open the hw design at C:/Users/12302093/AppData/Roaming/Xilinx/Vivado/myproj/Vitis4/hdmi_vdma/hw/hdmi_vdma.xsa
TRACE::2025-12-26.21:57:56::SCWPlatform::DSA given C:/Users/12302093/AppData/Roaming/Xilinx/Vivado/myproj/Vitis4/hdmi_vdma/hw/hdmi_vdma.xsa
TRACE::2025-12-26.21:57:56::SCWPlatform::DSA absoulate path C:/Users/12302093/AppData/Roaming/Xilinx/Vivado/myproj/Vitis4/hdmi_vdma/hw/hdmi_vdma.xsa
TRACE::2025-12-26.21:57:56::SCWPlatform::DSA directory C:/Users/12302093/AppData/Roaming/Xilinx/Vivado/myproj/Vitis4/hdmi_vdma/hw
TRACE::2025-12-26.21:57:56::SCWPlatform:: Platform Path C:/Users/12302093/AppData/Roaming/Xilinx/Vivado/myproj/Vitis4/hdmi_vdma/hw/hdmi_vdma.xsa
TRACE::2025-12-26.21:57:56::SCWPlatform:: Unique name xilinx:pynq-z2::0.0
TRACE::2025-12-26.21:57:56::SCWPlatform::Trying to set the existing hwdb with name design_1_wrapper_0
TRACE::2025-12-26.21:57:56::SCWPlatform::Opened existing hwdb design_1_wrapper_0
TRACE::2025-12-26.21:57:56::SCWPlatform::Found the Hw Db part of the input DSA
TRACE::2025-12-26.21:57:56::SCWMssOS::Checking the sw design at  C:/Users/12302093/AppData/Roaming/Xilinx/Vivado/myproj/Vitis4/hdmi_vdma/zynq_fsbl/zynq_fsbl_bsp/system.mss
TRACE::2025-12-26.21:57:56::SCWMssOS::DEBUG:  swdes dump  C:/Users/12302093/AppData/Roaming/Xilinx/Vivado/myproj/Vitis4/hdmi_vdma/ps7_cortexa9_0/freertos10_xilinx_ps7_cortexa9_0/bsp/system.mss|system_0||
C:/Users/12302093/AppData/Roaming/Xilinx/Vivado/myproj/Vitis4/hdmi_vdma/zynq_fsbl/zynq_fsbl_bsp/system.mss|system||

TRACE::2025-12-26.21:57:56::SCWMssOS::Sw design exists and opened at  C:/Users/12302093/AppData/Roaming/Xilinx/Vivado/myproj/Vitis4/hdmi_vdma/zynq_fsbl/zynq_fsbl_bsp/system.mss
TRACE::2025-12-26.21:57:56::SCWPlatform::Trying to open the hw design at C:/Users/12302093/AppData/Roaming/Xilinx/Vivado/myproj/Vitis4/hdmi_vdma/hw/hdmi_vdma.xsa
TRACE::2025-12-26.21:57:56::SCWPlatform::DSA given C:/Users/12302093/AppData/Roaming/Xilinx/Vivado/myproj/Vitis4/hdmi_vdma/hw/hdmi_vdma.xsa
TRACE::2025-12-26.21:57:56::SCWPlatform::DSA absoulate path C:/Users/12302093/AppData/Roaming/Xilinx/Vivado/myproj/Vitis4/hdmi_vdma/hw/hdmi_vdma.xsa
TRACE::2025-12-26.21:57:56::SCWPlatform::DSA directory C:/Users/12302093/AppData/Roaming/Xilinx/Vivado/myproj/Vitis4/hdmi_vdma/hw
TRACE::2025-12-26.21:57:56::SCWPlatform:: Platform Path C:/Users/12302093/AppData/Roaming/Xilinx/Vivado/myproj/Vitis4/hdmi_vdma/hw/hdmi_vdma.xsa
TRACE::2025-12-26.21:57:56::SCWPlatform:: Unique name xilinx:pynq-z2::0.0
TRACE::2025-12-26.21:57:56::SCWPlatform::Trying to set the existing hwdb with name design_1_wrapper_0
TRACE::2025-12-26.21:57:56::SCWPlatform::Opened existing hwdb design_1_wrapper_0
TRACE::2025-12-26.21:57:56::SCWPlatform::Found the Hw Db part of the input DSA
TRACE::2025-12-26.21:57:56::SCWMssOS::Checking the sw design at  C:/Users/12302093/AppData/Roaming/Xilinx/Vivado/myproj/Vitis4/hdmi_vdma/zynq_fsbl/zynq_fsbl_bsp/system.mss
TRACE::2025-12-26.21:57:56::SCWMssOS::DEBUG:  swdes dump  C:/Users/12302093/AppData/Roaming/Xilinx/Vivado/myproj/Vitis4/hdmi_vdma/ps7_cortexa9_0/freertos10_xilinx_ps7_cortexa9_0/bsp/system.mss|system_0||
C:/Users/12302093/AppData/Roaming/Xilinx/Vivado/myproj/Vitis4/hdmi_vdma/zynq_fsbl/zynq_fsbl_bsp/system.mss|system||

TRACE::2025-12-26.21:57:56::SCWMssOS::Sw design exists and opened at  C:/Users/12302093/AppData/Roaming/Xilinx/Vivado/myproj/Vitis4/hdmi_vdma/zynq_fsbl/zynq_fsbl_bsp/system.mss
TRACE::2025-12-26.21:57:56::SCWPlatform::Trying to open the hw design at C:/Users/12302093/AppData/Roaming/Xilinx/Vivado/myproj/Vitis4/hdmi_vdma/hw/hdmi_vdma.xsa
TRACE::2025-12-26.21:57:56::SCWPlatform::DSA given C:/Users/12302093/AppData/Roaming/Xilinx/Vivado/myproj/Vitis4/hdmi_vdma/hw/hdmi_vdma.xsa
TRACE::2025-12-26.21:57:56::SCWPlatform::DSA absoulate path C:/Users/12302093/AppData/Roaming/Xilinx/Vivado/myproj/Vitis4/hdmi_vdma/hw/hdmi_vdma.xsa
TRACE::2025-12-26.21:57:56::SCWPlatform::DSA directory C:/Users/12302093/AppData/Roaming/Xilinx/Vivado/myproj/Vitis4/hdmi_vdma/hw
TRACE::2025-12-26.21:57:56::SCWPlatform:: Platform Path C:/Users/12302093/AppData/Roaming/Xilinx/Vivado/myproj/Vitis4/hdmi_vdma/hw/hdmi_vdma.xsa
TRACE::2025-12-26.21:57:56::SCWPlatform:: Unique name xilinx:pynq-z2::0.0
TRACE::2025-12-26.21:57:56::SCWPlatform::Trying to set the existing hwdb with name design_1_wrapper_0
TRACE::2025-12-26.21:57:56::SCWPlatform::Opened existing hwdb design_1_wrapper_0
TRACE::2025-12-26.21:57:56::SCWPlatform::Found the Hw Db part of the input DSA
TRACE::2025-12-26.21:57:56::SCWMssOS::Checking the sw design at  C:/Users/12302093/AppData/Roaming/Xilinx/Vivado/myproj/Vitis4/hdmi_vdma/ps7_cortexa9_0/freertos10_xilinx_ps7_cortexa9_0/bsp/system.mss
TRACE::2025-12-26.21:57:56::SCWMssOS::DEBUG:  swdes dump  C:/Users/12302093/AppData/Roaming/Xilinx/Vivado/myproj/Vitis4/hdmi_vdma/ps7_cortexa9_0/freertos10_xilinx_ps7_cortexa9_0/bsp/system.mss|system_0||
C:/Users/12302093/AppData/Roaming/Xilinx/Vivado/myproj/Vitis4/hdmi_vdma/zynq_fsbl/zynq_fsbl_bsp/system.mss|system||

TRACE::2025-12-26.21:57:56::SCWMssOS::Sw design exists and opened at  C:/Users/12302093/AppData/Roaming/Xilinx/Vivado/myproj/Vitis4/hdmi_vdma/ps7_cortexa9_0/freertos10_xilinx_ps7_cortexa9_0/bsp/system.mss
TRACE::2025-12-26.21:57:56::SCWPlatform::Trying to open the hw design at C:/Users/12302093/AppData/Roaming/Xilinx/Vivado/myproj/Vitis4/hdmi_vdma/hw/hdmi_vdma.xsa
TRACE::2025-12-26.21:57:56::SCWPlatform::DSA given C:/Users/12302093/AppData/Roaming/Xilinx/Vivado/myproj/Vitis4/hdmi_vdma/hw/hdmi_vdma.xsa
TRACE::2025-12-26.21:57:56::SCWPlatform::DSA absoulate path C:/Users/12302093/AppData/Roaming/Xilinx/Vivado/myproj/Vitis4/hdmi_vdma/hw/hdmi_vdma.xsa
TRACE::2025-12-26.21:57:56::SCWPlatform::DSA directory C:/Users/12302093/AppData/Roaming/Xilinx/Vivado/myproj/Vitis4/hdmi_vdma/hw
TRACE::2025-12-26.21:57:57::SCWPlatform:: Platform Path C:/Users/12302093/AppData/Roaming/Xilinx/Vivado/myproj/Vitis4/hdmi_vdma/hw/hdmi_vdma.xsa
TRACE::2025-12-26.21:57:57::SCWPlatform:: Unique name xilinx:pynq-z2::0.0
TRACE::2025-12-26.21:57:57::SCWPlatform::Trying to set the existing hwdb with name design_1_wrapper_0
TRACE::2025-12-26.21:57:57::SCWPlatform::Opened existing hwdb design_1_wrapper_0
TRACE::2025-12-26.21:57:57::SCWPlatform::Found the Hw Db part of the input DSA
TRACE::2025-12-26.21:57:57::SCWMssOS::Checking the sw design at  C:/Users/12302093/AppData/Roaming/Xilinx/Vivado/myproj/Vitis4/hdmi_vdma/ps7_cortexa9_0/freertos10_xilinx_ps7_cortexa9_0/bsp/system.mss
TRACE::2025-12-26.21:57:57::SCWMssOS::DEBUG:  swdes dump  C:/Users/12302093/AppData/Roaming/Xilinx/Vivado/myproj/Vitis4/hdmi_vdma/ps7_cortexa9_0/freertos10_xilinx_ps7_cortexa9_0/bsp/system.mss|system_0||
C:/Users/12302093/AppData/Roaming/Xilinx/Vivado/myproj/Vitis4/hdmi_vdma/zynq_fsbl/zynq_fsbl_bsp/system.mss|system||

TRACE::2025-12-26.21:57:57::SCWMssOS::Sw design exists and opened at  C:/Users/12302093/AppData/Roaming/Xilinx/Vivado/myproj/Vitis4/hdmi_vdma/ps7_cortexa9_0/freertos10_xilinx_ps7_cortexa9_0/bsp/system.mss
TRACE::2025-12-26.21:57:57::SCWPlatform::Trying to open the hw design at C:/Users/12302093/AppData/Roaming/Xilinx/Vivado/myproj/Vitis4/hdmi_vdma/hw/hdmi_vdma.xsa
TRACE::2025-12-26.21:57:57::SCWPlatform::DSA given C:/Users/12302093/AppData/Roaming/Xilinx/Vivado/myproj/Vitis4/hdmi_vdma/hw/hdmi_vdma.xsa
TRACE::2025-12-26.21:57:57::SCWPlatform::DSA absoulate path C:/Users/12302093/AppData/Roaming/Xilinx/Vivado/myproj/Vitis4/hdmi_vdma/hw/hdmi_vdma.xsa
TRACE::2025-12-26.21:57:57::SCWPlatform::DSA directory C:/Users/12302093/AppData/Roaming/Xilinx/Vivado/myproj/Vitis4/hdmi_vdma/hw
TRACE::2025-12-26.21:57:57::SCWPlatform:: Platform Path C:/Users/12302093/AppData/Roaming/Xilinx/Vivado/myproj/Vitis4/hdmi_vdma/hw/hdmi_vdma.xsa
TRACE::2025-12-26.21:57:57::SCWPlatform:: Unique name xilinx:pynq-z2::0.0
TRACE::2025-12-26.21:57:57::SCWPlatform::Trying to set the existing hwdb with name design_1_wrapper_0
TRACE::2025-12-26.21:57:57::SCWPlatform::Opened existing hwdb design_1_wrapper_0
TRACE::2025-12-26.21:57:57::SCWPlatform::Found the Hw Db part of the input DSA
TRACE::2025-12-26.21:57:57::SCWMssOS::Checking the sw design at  C:/Users/12302093/AppData/Roaming/Xilinx/Vivado/myproj/Vitis4/hdmi_vdma/ps7_cortexa9_0/freertos10_xilinx_ps7_cortexa9_0/bsp/system.mss
TRACE::2025-12-26.21:57:57::SCWMssOS::DEBUG:  swdes dump  C:/Users/12302093/AppData/Roaming/Xilinx/Vivado/myproj/Vitis4/hdmi_vdma/ps7_cortexa9_0/freertos10_xilinx_ps7_cortexa9_0/bsp/system.mss|system_0||
C:/Users/12302093/AppData/Roaming/Xilinx/Vivado/myproj/Vitis4/hdmi_vdma/zynq_fsbl/zynq_fsbl_bsp/system.mss|system||

TRACE::2025-12-26.21:57:57::SCWMssOS::Sw design exists and opened at  C:/Users/12302093/AppData/Roaming/Xilinx/Vivado/myproj/Vitis4/hdmi_vdma/ps7_cortexa9_0/freertos10_xilinx_ps7_cortexa9_0/bsp/system.mss
TRACE::2025-12-26.21:57:57::SCWWriter::formatted JSON is {
	"platformName":	"hdmi_vdma",
	"sprVersion":	"2.0",
	"mode":	"gui",
	"dsaType":	"Fixed",
	"platformDesc":	"hdmi_vdma",
	"platHandOff":	"C:/Users/12302093/AppData/Roaming/Xilinx/Vivado/myproj/hdmi_vdma.xsa",
	"platIntHandOff":	"<platformDir>/hw/hdmi_vdma.xsa",
	"deviceType":	"zynq",
	"platIsPrebuiltAutogen":	"false",
	"platIsNoBootBsp":	"false",
	"platFsblTarget":	"ps7_cortexa9_0",
	"hasFsblMakeHasChanges":	"false",
	"hasPmufwMakeHasChanges":	"false",
	"fsblExtraCompilerFlags":	"-MMD -MP       -mcpu=cortex-a9 -mfpu=vfpv3 -mfloat-abi=hard ",
	"platPreBuiltFlag":	false,
	"platformSamplesDir":	"",
	"platActiveSys":	"hdmi_vdma",
	"systems":	[{
			"systemName":	"hdmi_vdma",
			"systemDesc":	"hdmi_vdma",
			"sysIsBootAutoGen":	"true",
			"systemDispName":	"hdmi_vdma",
			"sysActiveDom":	"freertos10_xilinx_ps7_cortexa9_0",
			"sysDefaultDom":	"freertos10_xilinx_ps7_cortexa9_0",
			"domains":	[{
					"domainName":	"zynq_fsbl",
					"domainDispName":	"zynq_fsbl",
					"domainDesc":	"FSBL Application BSP - Auto Generated.",
					"processors":	"ps7_cortexa9_0",
					"os":	"standalone",
					"sdxOs":	"standalone",
					"debugEnable":	"",
					"domRuntimes":	["cpp"],
					"swRepo":	"",
					"mssOsVer":	"9.1",
					"mssFile":	"",
					"md5Digest":	"70e198c9745202171b2b27f97526b3a8",
					"compatibleApp":	"zynq_fsbl",
					"domType":	"bootDomain",
					"arch":	"32-bit",
					"appSettings":	{
						"appCompilerFlags":	"",
						"appLinkerFlags":	""
					},
					"addedLibs":	["xilffs:5.2", "xilrsa:1.8"],
					"libOptions":	{
						"libsContainingOptions":	[]
					},
					"prebuiltLibs":	{
						"prebuiltIncPath":	[],
						"prebuiltLibPath":	[]
					},
					"isolation":	{
					}
				}, {
					"domainName":	"freertos10_xilinx_ps7_cortexa9_0",
					"domainDispName":	"freertos10_xilinx_ps7_cortexa9_0",
					"domainDesc":	"freertos10_xilinx_ps7_cortexa9_0",
					"processors":	"ps7_cortexa9_0",
					"os":	"freertos10_xilinx",
					"sdxOs":	"freertos10_xilinx",
					"qemuArgs":	"<platformDir>/resources/hdmi_vdma/freertos10_xilinx_ps7_cortexa9_0/qemu_args.txt",
					"qemuData":	"<platformDir>/resources/hdmi_vdma/freertos10_xilinx_ps7_cortexa9_0/qemu",
					"debugEnable":	"False",
					"domRuntimes":	["cpp"],
					"swRepo":	"",
					"mssOsVer":	"1.15",
					"mssFile":	"",
					"md5Digest":	"cffc92093176e96535fc1f78fea892dd",
					"compatibleApp":	"freertos_lwip_udp_perf_server",
					"domType":	"mssDomain",
					"arch":	"32-bit",
					"appSettings":	{
						"appCompilerFlags":	"",
						"appLinkerFlags":	""
					},
					"addedLibs":	["lwip220:1.0"],
					"libOptions":	{
						"freertos10_xilinx":	{
							"total_heap_size":	"262140",
							"libOptionNames":	["total_heap_size"]
						},
						"libsContainingOptions":	["freertos10_xilinx"]
					},
					"prebuiltLibs":	{
						"prebuiltIncPath":	[],
						"prebuiltLibPath":	[]
					},
					"isolation":	{
					}
				}]
		}]
}
TRACE::2025-12-26.21:57:57::SCWPlatform::Trying to open the hw design at C:/Users/12302093/AppData/Roaming/Xilinx/Vivado/myproj/Vitis4/hdmi_vdma/hw/hdmi_vdma.xsa
TRACE::2025-12-26.21:57:57::SCWPlatform::DSA given C:/Users/12302093/AppData/Roaming/Xilinx/Vivado/myproj/Vitis4/hdmi_vdma/hw/hdmi_vdma.xsa
TRACE::2025-12-26.21:57:57::SCWPlatform::DSA absoulate path C:/Users/12302093/AppData/Roaming/Xilinx/Vivado/myproj/Vitis4/hdmi_vdma/hw/hdmi_vdma.xsa
TRACE::2025-12-26.21:57:57::SCWPlatform::DSA directory C:/Users/12302093/AppData/Roaming/Xilinx/Vivado/myproj/Vitis4/hdmi_vdma/hw
TRACE::2025-12-26.21:57:57::SCWPlatform:: Platform Path C:/Users/12302093/AppData/Roaming/Xilinx/Vivado/myproj/Vitis4/hdmi_vdma/hw/hdmi_vdma.xsa
TRACE::2025-12-26.21:57:57::SCWPlatform:: Unique name xilinx:pynq-z2::0.0
TRACE::2025-12-26.21:57:57::SCWPlatform::Trying to set the existing hwdb with name design_1_wrapper_0
TRACE::2025-12-26.21:57:57::SCWPlatform::Opened existing hwdb design_1_wrapper_0
TRACE::2025-12-26.21:57:57::SCWPlatform::Found the Hw Db part of the input DSA
TRACE::2025-12-26.21:57:57::SCWMssOS::Checking the sw design at  C:/Users/12302093/AppData/Roaming/Xilinx/Vivado/myproj/Vitis4/hdmi_vdma/ps7_cortexa9_0/freertos10_xilinx_ps7_cortexa9_0/bsp/system.mss
TRACE::2025-12-26.21:57:57::SCWMssOS::DEBUG:  swdes dump  C:/Users/12302093/AppData/Roaming/Xilinx/Vivado/myproj/Vitis4/hdmi_vdma/ps7_cortexa9_0/freertos10_xilinx_ps7_cortexa9_0/bsp/system.mss|system_0||
C:/Users/12302093/AppData/Roaming/Xilinx/Vivado/myproj/Vitis4/hdmi_vdma/zynq_fsbl/zynq_fsbl_bsp/system.mss|system||

TRACE::2025-12-26.21:57:57::SCWMssOS::Sw design exists and opened at  C:/Users/12302093/AppData/Roaming/Xilinx/Vivado/myproj/Vitis4/hdmi_vdma/ps7_cortexa9_0/freertos10_xilinx_ps7_cortexa9_0/bsp/system.mss
TRACE::2025-12-26.21:57:57::SCWPlatform::Trying to open the hw design at C:/Users/12302093/AppData/Roaming/Xilinx/Vivado/myproj/Vitis4/hdmi_vdma/hw/hdmi_vdma.xsa
TRACE::2025-12-26.21:57:57::SCWPlatform::DSA given C:/Users/12302093/AppData/Roaming/Xilinx/Vivado/myproj/Vitis4/hdmi_vdma/hw/hdmi_vdma.xsa
TRACE::2025-12-26.21:57:57::SCWPlatform::DSA absoulate path C:/Users/12302093/AppData/Roaming/Xilinx/Vivado/myproj/Vitis4/hdmi_vdma/hw/hdmi_vdma.xsa
TRACE::2025-12-26.21:57:57::SCWPlatform::DSA directory C:/Users/12302093/AppData/Roaming/Xilinx/Vivado/myproj/Vitis4/hdmi_vdma/hw
TRACE::2025-12-26.21:57:57::SCWPlatform:: Platform Path C:/Users/12302093/AppData/Roaming/Xilinx/Vivado/myproj/Vitis4/hdmi_vdma/hw/hdmi_vdma.xsa
TRACE::2025-12-26.21:57:57::SCWPlatform:: Unique name xilinx:pynq-z2::0.0
TRACE::2025-12-26.21:57:57::SCWPlatform::Trying to set the existing hwdb with name design_1_wrapper_0
TRACE::2025-12-26.21:57:57::SCWPlatform::Opened existing hwdb design_1_wrapper_0
TRACE::2025-12-26.21:57:57::SCWPlatform::Found the Hw Db part of the input DSA
TRACE::2025-12-26.21:57:57::SCWMssOS::Checking the sw design at  C:/Users/12302093/AppData/Roaming/Xilinx/Vivado/myproj/Vitis4/hdmi_vdma/ps7_cortexa9_0/freertos10_xilinx_ps7_cortexa9_0/bsp/system.mss
TRACE::2025-12-26.21:57:57::SCWMssOS::DEBUG:  swdes dump  C:/Users/12302093/AppData/Roaming/Xilinx/Vivado/myproj/Vitis4/hdmi_vdma/ps7_cortexa9_0/freertos10_xilinx_ps7_cortexa9_0/bsp/system.mss|system_0||
C:/Users/12302093/AppData/Roaming/Xilinx/Vivado/myproj/Vitis4/hdmi_vdma/zynq_fsbl/zynq_fsbl_bsp/system.mss|system||

TRACE::2025-12-26.21:57:57::SCWMssOS::Sw design exists and opened at  C:/Users/12302093/AppData/Roaming/Xilinx/Vivado/myproj/Vitis4/hdmi_vdma/ps7_cortexa9_0/freertos10_xilinx_ps7_cortexa9_0/bsp/system.mss
TRACE::2025-12-26.21:57:57::SCWMssOS::Saving the mss changes C:/Users/12302093/AppData/Roaming/Xilinx/Vivado/myproj/Vitis4/hdmi_vdma/zynq_fsbl/zynq_fsbl_bsp/system.mss
TRACE::2025-12-26.21:57:57::SCWMssOS::Found a swdesign opened with the mssfile.
TRACE::2025-12-26.21:57:57::SCWMssOS::Completed writemss as part of save.
TRACE::2025-12-26.21:57:57::SCWMssOS::Commit changes completed.
TRACE::2025-12-26.21:57:57::SCWMssOS::Saving the mss changes C:/Users/12302093/AppData/Roaming/Xilinx/Vivado/myproj/Vitis4/hdmi_vdma/ps7_cortexa9_0/freertos10_xilinx_ps7_cortexa9_0/bsp/system.mss
TRACE::2025-12-26.21:57:57::SCWMssOS::Found a swdesign opened with the mssfile.
TRACE::2025-12-26.21:57:57::SCWMssOS::Completed writemss as part of save.
TRACE::2025-12-26.21:57:57::SCWMssOS::Commit changes completed.
TRACE::2025-12-26.21:57:57::SCWPlatform::Trying to open the hw design at C:/Users/12302093/AppData/Roaming/Xilinx/Vivado/myproj/Vitis4/hdmi_vdma/hw/hdmi_vdma.xsa
TRACE::2025-12-26.21:57:57::SCWPlatform::DSA given C:/Users/12302093/AppData/Roaming/Xilinx/Vivado/myproj/Vitis4/hdmi_vdma/hw/hdmi_vdma.xsa
TRACE::2025-12-26.21:57:57::SCWPlatform::DSA absoulate path C:/Users/12302093/AppData/Roaming/Xilinx/Vivado/myproj/Vitis4/hdmi_vdma/hw/hdmi_vdma.xsa
TRACE::2025-12-26.21:57:57::SCWPlatform::DSA directory C:/Users/12302093/AppData/Roaming/Xilinx/Vivado/myproj/Vitis4/hdmi_vdma/hw
TRACE::2025-12-26.21:57:57::SCWPlatform:: Platform Path C:/Users/12302093/AppData/Roaming/Xilinx/Vivado/myproj/Vitis4/hdmi_vdma/hw/hdmi_vdma.xsa
TRACE::2025-12-26.21:57:57::SCWPlatform:: Unique name xilinx:pynq-z2::0.0
TRACE::2025-12-26.21:57:57::SCWPlatform::Trying to set the existing hwdb with name design_1_wrapper_0
TRACE::2025-12-26.21:57:57::SCWPlatform::Opened existing hwdb design_1_wrapper_0
TRACE::2025-12-26.21:57:57::SCWPlatform::Found the Hw Db part of the input DSA
TRACE::2025-12-26.21:57:57::SCWMssOS::Checking the sw design at  C:/Users/12302093/AppData/Roaming/Xilinx/Vivado/myproj/Vitis4/hdmi_vdma/zynq_fsbl/zynq_fsbl_bsp/system.mss
TRACE::2025-12-26.21:57:57::SCWMssOS::DEBUG:  swdes dump  C:/Users/12302093/AppData/Roaming/Xilinx/Vivado/myproj/Vitis4/hdmi_vdma/ps7_cortexa9_0/freertos10_xilinx_ps7_cortexa9_0/bsp/system.mss|system_0||
C:/Users/12302093/AppData/Roaming/Xilinx/Vivado/myproj/Vitis4/hdmi_vdma/zynq_fsbl/zynq_fsbl_bsp/system.mss|system||

TRACE::2025-12-26.21:57:57::SCWMssOS::Sw design exists and opened at  C:/Users/12302093/AppData/Roaming/Xilinx/Vivado/myproj/Vitis4/hdmi_vdma/zynq_fsbl/zynq_fsbl_bsp/system.mss
TRACE::2025-12-26.21:57:57::SCWPlatform::Trying to open the hw design at C:/Users/12302093/AppData/Roaming/Xilinx/Vivado/myproj/Vitis4/hdmi_vdma/hw/hdmi_vdma.xsa
TRACE::2025-12-26.21:57:57::SCWPlatform::DSA given C:/Users/12302093/AppData/Roaming/Xilinx/Vivado/myproj/Vitis4/hdmi_vdma/hw/hdmi_vdma.xsa
TRACE::2025-12-26.21:57:57::SCWPlatform::DSA absoulate path C:/Users/12302093/AppData/Roaming/Xilinx/Vivado/myproj/Vitis4/hdmi_vdma/hw/hdmi_vdma.xsa
TRACE::2025-12-26.21:57:57::SCWPlatform::DSA directory C:/Users/12302093/AppData/Roaming/Xilinx/Vivado/myproj/Vitis4/hdmi_vdma/hw
TRACE::2025-12-26.21:57:57::SCWPlatform:: Platform Path C:/Users/12302093/AppData/Roaming/Xilinx/Vivado/myproj/Vitis4/hdmi_vdma/hw/hdmi_vdma.xsa
TRACE::2025-12-26.21:57:57::SCWPlatform:: Unique name xilinx:pynq-z2::0.0
TRACE::2025-12-26.21:57:57::SCWPlatform::Trying to set the existing hwdb with name design_1_wrapper_0
TRACE::2025-12-26.21:57:57::SCWPlatform::Opened existing hwdb design_1_wrapper_0
TRACE::2025-12-26.21:57:57::SCWPlatform::Found the Hw Db part of the input DSA
TRACE::2025-12-26.21:57:57::SCWMssOS::Checking the sw design at  C:/Users/12302093/AppData/Roaming/Xilinx/Vivado/myproj/Vitis4/hdmi_vdma/zynq_fsbl/zynq_fsbl_bsp/system.mss
TRACE::2025-12-26.21:57:57::SCWMssOS::DEBUG:  swdes dump  C:/Users/12302093/AppData/Roaming/Xilinx/Vivado/myproj/Vitis4/hdmi_vdma/ps7_cortexa9_0/freertos10_xilinx_ps7_cortexa9_0/bsp/system.mss|system_0||
C:/Users/12302093/AppData/Roaming/Xilinx/Vivado/myproj/Vitis4/hdmi_vdma/zynq_fsbl/zynq_fsbl_bsp/system.mss|system||

TRACE::2025-12-26.21:57:57::SCWMssOS::Sw design exists and opened at  C:/Users/12302093/AppData/Roaming/Xilinx/Vivado/myproj/Vitis4/hdmi_vdma/zynq_fsbl/zynq_fsbl_bsp/system.mss
TRACE::2025-12-26.21:57:57::SCWPlatform::Trying to open the hw design at C:/Users/12302093/AppData/Roaming/Xilinx/Vivado/myproj/Vitis4/hdmi_vdma/hw/hdmi_vdma.xsa
TRACE::2025-12-26.21:57:57::SCWPlatform::DSA given C:/Users/12302093/AppData/Roaming/Xilinx/Vivado/myproj/Vitis4/hdmi_vdma/hw/hdmi_vdma.xsa
TRACE::2025-12-26.21:57:57::SCWPlatform::DSA absoulate path C:/Users/12302093/AppData/Roaming/Xilinx/Vivado/myproj/Vitis4/hdmi_vdma/hw/hdmi_vdma.xsa
TRACE::2025-12-26.21:57:57::SCWPlatform::DSA directory C:/Users/12302093/AppData/Roaming/Xilinx/Vivado/myproj/Vitis4/hdmi_vdma/hw
TRACE::2025-12-26.21:57:57::SCWPlatform:: Platform Path C:/Users/12302093/AppData/Roaming/Xilinx/Vivado/myproj/Vitis4/hdmi_vdma/hw/hdmi_vdma.xsa
TRACE::2025-12-26.21:57:57::SCWPlatform:: Unique name xilinx:pynq-z2::0.0
TRACE::2025-12-26.21:57:57::SCWPlatform::Trying to set the existing hwdb with name design_1_wrapper_0
TRACE::2025-12-26.21:57:57::SCWPlatform::Opened existing hwdb design_1_wrapper_0
TRACE::2025-12-26.21:57:57::SCWPlatform::Found the Hw Db part of the input DSA
TRACE::2025-12-26.21:57:57::SCWMssOS::Checking the sw design at  C:/Users/12302093/AppData/Roaming/Xilinx/Vivado/myproj/Vitis4/hdmi_vdma/zynq_fsbl/zynq_fsbl_bsp/system.mss
TRACE::2025-12-26.21:57:57::SCWMssOS::DEBUG:  swdes dump  C:/Users/12302093/AppData/Roaming/Xilinx/Vivado/myproj/Vitis4/hdmi_vdma/ps7_cortexa9_0/freertos10_xilinx_ps7_cortexa9_0/bsp/system.mss|system_0||
C:/Users/12302093/AppData/Roaming/Xilinx/Vivado/myproj/Vitis4/hdmi_vdma/zynq_fsbl/zynq_fsbl_bsp/system.mss|system||

TRACE::2025-12-26.21:57:57::SCWMssOS::Sw design exists and opened at  C:/Users/12302093/AppData/Roaming/Xilinx/Vivado/myproj/Vitis4/hdmi_vdma/zynq_fsbl/zynq_fsbl_bsp/system.mss
TRACE::2025-12-26.21:57:57::SCWPlatform::Trying to open the hw design at C:/Users/12302093/AppData/Roaming/Xilinx/Vivado/myproj/Vitis4/hdmi_vdma/hw/hdmi_vdma.xsa
TRACE::2025-12-26.21:57:57::SCWPlatform::DSA given C:/Users/12302093/AppData/Roaming/Xilinx/Vivado/myproj/Vitis4/hdmi_vdma/hw/hdmi_vdma.xsa
TRACE::2025-12-26.21:57:57::SCWPlatform::DSA absoulate path C:/Users/12302093/AppData/Roaming/Xilinx/Vivado/myproj/Vitis4/hdmi_vdma/hw/hdmi_vdma.xsa
TRACE::2025-12-26.21:57:57::SCWPlatform::DSA directory C:/Users/12302093/AppData/Roaming/Xilinx/Vivado/myproj/Vitis4/hdmi_vdma/hw
TRACE::2025-12-26.21:57:57::SCWPlatform:: Platform Path C:/Users/12302093/AppData/Roaming/Xilinx/Vivado/myproj/Vitis4/hdmi_vdma/hw/hdmi_vdma.xsa
TRACE::2025-12-26.21:57:57::SCWPlatform:: Unique name xilinx:pynq-z2::0.0
TRACE::2025-12-26.21:57:57::SCWPlatform::Trying to set the existing hwdb with name design_1_wrapper_0
TRACE::2025-12-26.21:57:57::SCWPlatform::Opened existing hwdb design_1_wrapper_0
TRACE::2025-12-26.21:57:57::SCWPlatform::Found the Hw Db part of the input DSA
TRACE::2025-12-26.21:57:57::SCWMssOS::Checking the sw design at  C:/Users/12302093/AppData/Roaming/Xilinx/Vivado/myproj/Vitis4/hdmi_vdma/ps7_cortexa9_0/freertos10_xilinx_ps7_cortexa9_0/bsp/system.mss
TRACE::2025-12-26.21:57:57::SCWMssOS::DEBUG:  swdes dump  C:/Users/12302093/AppData/Roaming/Xilinx/Vivado/myproj/Vitis4/hdmi_vdma/ps7_cortexa9_0/freertos10_xilinx_ps7_cortexa9_0/bsp/system.mss|system_0||
C:/Users/12302093/AppData/Roaming/Xilinx/Vivado/myproj/Vitis4/hdmi_vdma/zynq_fsbl/zynq_fsbl_bsp/system.mss|system||

TRACE::2025-12-26.21:57:57::SCWMssOS::Sw design exists and opened at  C:/Users/12302093/AppData/Roaming/Xilinx/Vivado/myproj/Vitis4/hdmi_vdma/ps7_cortexa9_0/freertos10_xilinx_ps7_cortexa9_0/bsp/system.mss
TRACE::2025-12-26.21:57:57::SCWPlatform::Trying to open the hw design at C:/Users/12302093/AppData/Roaming/Xilinx/Vivado/myproj/Vitis4/hdmi_vdma/hw/hdmi_vdma.xsa
TRACE::2025-12-26.21:57:57::SCWPlatform::DSA given C:/Users/12302093/AppData/Roaming/Xilinx/Vivado/myproj/Vitis4/hdmi_vdma/hw/hdmi_vdma.xsa
TRACE::2025-12-26.21:57:57::SCWPlatform::DSA absoulate path C:/Users/12302093/AppData/Roaming/Xilinx/Vivado/myproj/Vitis4/hdmi_vdma/hw/hdmi_vdma.xsa
TRACE::2025-12-26.21:57:57::SCWPlatform::DSA directory C:/Users/12302093/AppData/Roaming/Xilinx/Vivado/myproj/Vitis4/hdmi_vdma/hw
TRACE::2025-12-26.21:57:57::SCWPlatform:: Platform Path C:/Users/12302093/AppData/Roaming/Xilinx/Vivado/myproj/Vitis4/hdmi_vdma/hw/hdmi_vdma.xsa
TRACE::2025-12-26.21:57:57::SCWPlatform:: Unique name xilinx:pynq-z2::0.0
TRACE::2025-12-26.21:57:57::SCWPlatform::Trying to set the existing hwdb with name design_1_wrapper_0
TRACE::2025-12-26.21:57:57::SCWPlatform::Opened existing hwdb design_1_wrapper_0
TRACE::2025-12-26.21:57:57::SCWPlatform::Found the Hw Db part of the input DSA
TRACE::2025-12-26.21:57:57::SCWMssOS::Checking the sw design at  C:/Users/12302093/AppData/Roaming/Xilinx/Vivado/myproj/Vitis4/hdmi_vdma/ps7_cortexa9_0/freertos10_xilinx_ps7_cortexa9_0/bsp/system.mss
TRACE::2025-12-26.21:57:57::SCWMssOS::DEBUG:  swdes dump  C:/Users/12302093/AppData/Roaming/Xilinx/Vivado/myproj/Vitis4/hdmi_vdma/ps7_cortexa9_0/freertos10_xilinx_ps7_cortexa9_0/bsp/system.mss|system_0||
C:/Users/12302093/AppData/Roaming/Xilinx/Vivado/myproj/Vitis4/hdmi_vdma/zynq_fsbl/zynq_fsbl_bsp/system.mss|system||

TRACE::2025-12-26.21:57:57::SCWMssOS::Sw design exists and opened at  C:/Users/12302093/AppData/Roaming/Xilinx/Vivado/myproj/Vitis4/hdmi_vdma/ps7_cortexa9_0/freertos10_xilinx_ps7_cortexa9_0/bsp/system.mss
TRACE::2025-12-26.21:57:57::SCWPlatform::Trying to open the hw design at C:/Users/12302093/AppData/Roaming/Xilinx/Vivado/myproj/Vitis4/hdmi_vdma/hw/hdmi_vdma.xsa
TRACE::2025-12-26.21:57:57::SCWPlatform::DSA given C:/Users/12302093/AppData/Roaming/Xilinx/Vivado/myproj/Vitis4/hdmi_vdma/hw/hdmi_vdma.xsa
TRACE::2025-12-26.21:57:57::SCWPlatform::DSA absoulate path C:/Users/12302093/AppData/Roaming/Xilinx/Vivado/myproj/Vitis4/hdmi_vdma/hw/hdmi_vdma.xsa
TRACE::2025-12-26.21:57:57::SCWPlatform::DSA directory C:/Users/12302093/AppData/Roaming/Xilinx/Vivado/myproj/Vitis4/hdmi_vdma/hw
TRACE::2025-12-26.21:57:57::SCWPlatform:: Platform Path C:/Users/12302093/AppData/Roaming/Xilinx/Vivado/myproj/Vitis4/hdmi_vdma/hw/hdmi_vdma.xsa
TRACE::2025-12-26.21:57:57::SCWPlatform:: Unique name xilinx:pynq-z2::0.0
TRACE::2025-12-26.21:57:57::SCWPlatform::Trying to set the existing hwdb with name design_1_wrapper_0
TRACE::2025-12-26.21:57:57::SCWPlatform::Opened existing hwdb design_1_wrapper_0
TRACE::2025-12-26.21:57:57::SCWPlatform::Found the Hw Db part of the input DSA
TRACE::2025-12-26.21:57:57::SCWMssOS::Checking the sw design at  C:/Users/12302093/AppData/Roaming/Xilinx/Vivado/myproj/Vitis4/hdmi_vdma/ps7_cortexa9_0/freertos10_xilinx_ps7_cortexa9_0/bsp/system.mss
TRACE::2025-12-26.21:57:57::SCWMssOS::DEBUG:  swdes dump  C:/Users/12302093/AppData/Roaming/Xilinx/Vivado/myproj/Vitis4/hdmi_vdma/ps7_cortexa9_0/freertos10_xilinx_ps7_cortexa9_0/bsp/system.mss|system_0||
C:/Users/12302093/AppData/Roaming/Xilinx/Vivado/myproj/Vitis4/hdmi_vdma/zynq_fsbl/zynq_fsbl_bsp/system.mss|system||

TRACE::2025-12-26.21:57:57::SCWMssOS::Sw design exists and opened at  C:/Users/12302093/AppData/Roaming/Xilinx/Vivado/myproj/Vitis4/hdmi_vdma/ps7_cortexa9_0/freertos10_xilinx_ps7_cortexa9_0/bsp/system.mss
TRACE::2025-12-26.21:57:57::SCWWriter::formatted JSON is {
	"platformName":	"hdmi_vdma",
	"sprVersion":	"2.0",
	"mode":	"gui",
	"dsaType":	"Fixed",
	"platformDesc":	"hdmi_vdma",
	"platHandOff":	"C:/Users/12302093/AppData/Roaming/Xilinx/Vivado/myproj/hdmi_vdma.xsa",
	"platIntHandOff":	"<platformDir>/hw/hdmi_vdma.xsa",
	"deviceType":	"zynq",
	"platIsPrebuiltAutogen":	"false",
	"platIsNoBootBsp":	"false",
	"platFsblTarget":	"ps7_cortexa9_0",
	"hasFsblMakeHasChanges":	"false",
	"hasPmufwMakeHasChanges":	"false",
	"fsblExtraCompilerFlags":	"-MMD -MP       -mcpu=cortex-a9 -mfpu=vfpv3 -mfloat-abi=hard ",
	"platPreBuiltFlag":	false,
	"platformSamplesDir":	"",
	"platActiveSys":	"hdmi_vdma",
	"systems":	[{
			"systemName":	"hdmi_vdma",
			"systemDesc":	"hdmi_vdma",
			"sysIsBootAutoGen":	"true",
			"systemDispName":	"hdmi_vdma",
			"sysActiveDom":	"freertos10_xilinx_ps7_cortexa9_0",
			"sysDefaultDom":	"freertos10_xilinx_ps7_cortexa9_0",
			"domains":	[{
					"domainName":	"zynq_fsbl",
					"domainDispName":	"zynq_fsbl",
					"domainDesc":	"FSBL Application BSP - Auto Generated.",
					"processors":	"ps7_cortexa9_0",
					"os":	"standalone",
					"sdxOs":	"standalone",
					"debugEnable":	"",
					"domRuntimes":	["cpp"],
					"swRepo":	"",
					"mssOsVer":	"9.1",
					"mssFile":	"",
					"md5Digest":	"70e198c9745202171b2b27f97526b3a8",
					"compatibleApp":	"zynq_fsbl",
					"domType":	"bootDomain",
					"arch":	"32-bit",
					"appSettings":	{
						"appCompilerFlags":	"",
						"appLinkerFlags":	""
					},
					"addedLibs":	["xilffs:5.2", "xilrsa:1.8"],
					"libOptions":	{
						"libsContainingOptions":	[]
					},
					"prebuiltLibs":	{
						"prebuiltIncPath":	[],
						"prebuiltLibPath":	[]
					},
					"isolation":	{
					}
				}, {
					"domainName":	"freertos10_xilinx_ps7_cortexa9_0",
					"domainDispName":	"freertos10_xilinx_ps7_cortexa9_0",
					"domainDesc":	"freertos10_xilinx_ps7_cortexa9_0",
					"processors":	"ps7_cortexa9_0",
					"os":	"freertos10_xilinx",
					"sdxOs":	"freertos10_xilinx",
					"qemuArgs":	"<platformDir>/resources/hdmi_vdma/freertos10_xilinx_ps7_cortexa9_0/qemu_args.txt",
					"qemuData":	"<platformDir>/resources/hdmi_vdma/freertos10_xilinx_ps7_cortexa9_0/qemu",
					"debugEnable":	"False",
					"domRuntimes":	["cpp"],
					"swRepo":	"",
					"mssOsVer":	"1.15",
					"mssFile":	"",
					"md5Digest":	"cffc92093176e96535fc1f78fea892dd",
					"compatibleApp":	"freertos_lwip_udp_perf_server",
					"domType":	"mssDomain",
					"arch":	"32-bit",
					"appSettings":	{
						"appCompilerFlags":	"",
						"appLinkerFlags":	""
					},
					"addedLibs":	["lwip220:1.0"],
					"libOptions":	{
						"freertos10_xilinx":	{
							"total_heap_size":	"262140",
							"libOptionNames":	["total_heap_size"]
						},
						"libsContainingOptions":	["freertos10_xilinx"]
					},
					"prebuiltLibs":	{
						"prebuiltIncPath":	[],
						"prebuiltLibPath":	[]
					},
					"isolation":	{
					}
				}]
		}]
}
LOG::2025-12-26.21:57:57::SCWPlatform::Started generating the artifacts platform hdmi_vdma
TRACE::2025-12-26.21:57:57::SCWPlatform::Sanity checking of platform is completed
LOG::2025-12-26.21:57:57::SCWPlatform::Started generating the artifacts for system configuration hdmi_vdma
LOG::2025-12-26.21:57:57::SCWSystem::Started Processing the domain freertos10_xilinx_ps7_cortexa9_0
TRACE::2025-12-26.21:57:57::SCWDomain::Generating domain artifcats
TRACE::2025-12-26.21:57:57::SCWMssOS::Generating standalone artifcats
TRACE::2025-12-26.21:57:57::SCWMssOS::Copying the qemu file from  C:/Users/12302093/AppData/Roaming/Xilinx/Vivado/myproj/Vitis4/hdmi_vdma/resources/hdmi_vdma/freertos10_xilinx_ps7_cortexa9_0/qemu_args.txt To C:/Users/12302093/AppData/Roaming/Xilinx/Vivado/myproj/Vitis4/hdmi_vdma/export/hdmi_vdma/sw/hdmi_vdma/qemu/
TRACE::2025-12-26.21:57:57::SCWMssOS::Copying the qemu file from  C:/Users/12302093/AppData/Roaming/Xilinx/Vivado/myproj/Vitis4/hdmi_vdma/resources/hdmi_vdma/freertos10_xilinx_ps7_cortexa9_0/qemu_args.txt To C:/Users/12302093/AppData/Roaming/Xilinx/Vivado/myproj/Vitis4/hdmi_vdma/export/hdmi_vdma/sw/hdmi_vdma/freertos10_xilinx_ps7_cortexa9_0/qemu/
TRACE::2025-12-26.21:57:57::SCWMssOS:: Copying the user libraries. 
TRACE::2025-12-26.21:57:57::SCWPlatform::Trying to open the hw design at C:/Users/12302093/AppData/Roaming/Xilinx/Vivado/myproj/Vitis4/hdmi_vdma/hw/hdmi_vdma.xsa
TRACE::2025-12-26.21:57:57::SCWPlatform::DSA given C:/Users/12302093/AppData/Roaming/Xilinx/Vivado/myproj/Vitis4/hdmi_vdma/hw/hdmi_vdma.xsa
TRACE::2025-12-26.21:57:57::SCWPlatform::DSA absoulate path C:/Users/12302093/AppData/Roaming/Xilinx/Vivado/myproj/Vitis4/hdmi_vdma/hw/hdmi_vdma.xsa
TRACE::2025-12-26.21:57:57::SCWPlatform::DSA directory C:/Users/12302093/AppData/Roaming/Xilinx/Vivado/myproj/Vitis4/hdmi_vdma/hw
TRACE::2025-12-26.21:57:57::SCWPlatform:: Platform Path C:/Users/12302093/AppData/Roaming/Xilinx/Vivado/myproj/Vitis4/hdmi_vdma/hw/hdmi_vdma.xsa
TRACE::2025-12-26.21:57:57::SCWPlatform:: Unique name xilinx:pynq-z2::0.0
TRACE::2025-12-26.21:57:57::SCWPlatform::Trying to set the existing hwdb with name design_1_wrapper_0
TRACE::2025-12-26.21:57:57::SCWPlatform::Opened existing hwdb design_1_wrapper_0
TRACE::2025-12-26.21:57:57::SCWPlatform::Found the Hw Db part of the input DSA
TRACE::2025-12-26.21:57:57::SCWMssOS::Checking the sw design at  C:/Users/12302093/AppData/Roaming/Xilinx/Vivado/myproj/Vitis4/hdmi_vdma/ps7_cortexa9_0/freertos10_xilinx_ps7_cortexa9_0/bsp/system.mss
TRACE::2025-12-26.21:57:57::SCWMssOS::DEBUG:  swdes dump  C:/Users/12302093/AppData/Roaming/Xilinx/Vivado/myproj/Vitis4/hdmi_vdma/ps7_cortexa9_0/freertos10_xilinx_ps7_cortexa9_0/bsp/system.mss|system_0||
C:/Users/12302093/AppData/Roaming/Xilinx/Vivado/myproj/Vitis4/hdmi_vdma/zynq_fsbl/zynq_fsbl_bsp/system.mss|system||

TRACE::2025-12-26.21:57:57::SCWMssOS::Sw design exists and opened at  C:/Users/12302093/AppData/Roaming/Xilinx/Vivado/myproj/Vitis4/hdmi_vdma/ps7_cortexa9_0/freertos10_xilinx_ps7_cortexa9_0/bsp/system.mss
TRACE::2025-12-26.21:57:57::SCWMssOS::Completed writing the mss file at C:/Users/12302093/AppData/Roaming/Xilinx/Vivado/myproj/Vitis4/hdmi_vdma/ps7_cortexa9_0/freertos10_xilinx_ps7_cortexa9_0/bsp
TRACE::2025-12-26.21:57:57::SCWMssOS::Mss edits present, copying mssfile into export location C:/Users/12302093/AppData/Roaming/Xilinx/Vivado/myproj/Vitis4/hdmi_vdma/ps7_cortexa9_0/freertos10_xilinx_ps7_cortexa9_0/bsp/system.mss
TRACE::2025-12-26.21:57:57::SCWMssOS::bsp generated is upto date with the mss file. Skipping bsp generation.
TRACE::2025-12-26.21:57:57::SCWMssOS::BSP is already built. skipping the bsp build ... 
TRACE::2025-12-26.21:57:57::SCWDomain::Building the domain as part of full build :  freertos10_xilinx_ps7_cortexa9_0
TRACE::2025-12-26.21:57:57::SCWMssOS::skipping the bsp build ... 
TRACE::2025-12-26.21:57:57::SCWMssOS::Copying to export directory.
TRACE::2025-12-26.21:57:57::SCWMssOS:: Checking if to create the Supporting Applications
TRACE::2025-12-26.21:57:57::SCWMssOS:: No Linux domain exists, trying to generate FSBL 
TRACE::2025-12-26.21:57:57::SCWMssOS:: Completed Standalone Artifacts creation 
LOG::2025-12-26.21:57:57::SCWSystem::Completed Processing the domain freertos10_xilinx_ps7_cortexa9_0
LOG::2025-12-26.21:57:57::SCWSystem::Completed Processing the sysconfig hdmi_vdma
LOG::2025-12-26.21:57:57::SCWPlatform::Completed generating the artifacts for system configuration hdmi_vdma
TRACE::2025-12-26.21:57:57::SCWPlatform::Started preparing the platform 
TRACE::2025-12-26.21:57:57::SCWSystem::Writing the bif file for system config hdmi_vdma
TRACE::2025-12-26.21:57:57::SCWSystem::dir created 
TRACE::2025-12-26.21:57:57::SCWSystem::Writing the bif 
TRACE::2025-12-26.21:57:57::SCWPlatform::Started writing the spfm file 
TRACE::2025-12-26.21:57:57::SCWPlatform::Started writing the xpfm file 
TRACE::2025-12-26.21:57:57::SCWPlatform::Completed generating the platform
TRACE::2025-12-26.21:57:57::SCWMssOS::Saving the mss changes C:/Users/12302093/AppData/Roaming/Xilinx/Vivado/myproj/Vitis4/hdmi_vdma/zynq_fsbl/zynq_fsbl_bsp/system.mss
TRACE::2025-12-26.21:57:57::SCWMssOS::Found a swdesign opened with the mssfile.
TRACE::2025-12-26.21:57:57::SCWMssOS::Completed writemss as part of save.
TRACE::2025-12-26.21:57:57::SCWMssOS::Commit changes completed.
TRACE::2025-12-26.21:57:57::SCWMssOS::Saving the mss changes C:/Users/12302093/AppData/Roaming/Xilinx/Vivado/myproj/Vitis4/hdmi_vdma/ps7_cortexa9_0/freertos10_xilinx_ps7_cortexa9_0/bsp/system.mss
TRACE::2025-12-26.21:57:57::SCWMssOS::Found a swdesign opened with the mssfile.
TRACE::2025-12-26.21:57:57::SCWMssOS::Completed writemss as part of save.
TRACE::2025-12-26.21:57:57::SCWMssOS::Commit changes completed.
TRACE::2025-12-26.21:57:57::SCWPlatform::Trying to open the hw design at C:/Users/12302093/AppData/Roaming/Xilinx/Vivado/myproj/Vitis4/hdmi_vdma/hw/hdmi_vdma.xsa
TRACE::2025-12-26.21:57:57::SCWPlatform::DSA given C:/Users/12302093/AppData/Roaming/Xilinx/Vivado/myproj/Vitis4/hdmi_vdma/hw/hdmi_vdma.xsa
TRACE::2025-12-26.21:57:57::SCWPlatform::DSA absoulate path C:/Users/12302093/AppData/Roaming/Xilinx/Vivado/myproj/Vitis4/hdmi_vdma/hw/hdmi_vdma.xsa
TRACE::2025-12-26.21:57:57::SCWPlatform::DSA directory C:/Users/12302093/AppData/Roaming/Xilinx/Vivado/myproj/Vitis4/hdmi_vdma/hw
TRACE::2025-12-26.21:57:57::SCWPlatform:: Platform Path C:/Users/12302093/AppData/Roaming/Xilinx/Vivado/myproj/Vitis4/hdmi_vdma/hw/hdmi_vdma.xsa
TRACE::2025-12-26.21:57:57::SCWPlatform:: Unique name xilinx:pynq-z2::0.0
TRACE::2025-12-26.21:57:57::SCWPlatform::Trying to set the existing hwdb with name design_1_wrapper_0
TRACE::2025-12-26.21:57:57::SCWPlatform::Opened existing hwdb design_1_wrapper_0
TRACE::2025-12-26.21:57:57::SCWPlatform::Found the Hw Db part of the input DSA
TRACE::2025-12-26.21:57:57::SCWMssOS::Checking the sw design at  C:/Users/12302093/AppData/Roaming/Xilinx/Vivado/myproj/Vitis4/hdmi_vdma/zynq_fsbl/zynq_fsbl_bsp/system.mss
TRACE::2025-12-26.21:57:57::SCWMssOS::DEBUG:  swdes dump  C:/Users/12302093/AppData/Roaming/Xilinx/Vivado/myproj/Vitis4/hdmi_vdma/ps7_cortexa9_0/freertos10_xilinx_ps7_cortexa9_0/bsp/system.mss|system_0||
C:/Users/12302093/AppData/Roaming/Xilinx/Vivado/myproj/Vitis4/hdmi_vdma/zynq_fsbl/zynq_fsbl_bsp/system.mss|system||

TRACE::2025-12-26.21:57:57::SCWMssOS::Sw design exists and opened at  C:/Users/12302093/AppData/Roaming/Xilinx/Vivado/myproj/Vitis4/hdmi_vdma/zynq_fsbl/zynq_fsbl_bsp/system.mss
TRACE::2025-12-26.21:57:57::SCWPlatform::Trying to open the hw design at C:/Users/12302093/AppData/Roaming/Xilinx/Vivado/myproj/Vitis4/hdmi_vdma/hw/hdmi_vdma.xsa
TRACE::2025-12-26.21:57:57::SCWPlatform::DSA given C:/Users/12302093/AppData/Roaming/Xilinx/Vivado/myproj/Vitis4/hdmi_vdma/hw/hdmi_vdma.xsa
TRACE::2025-12-26.21:57:57::SCWPlatform::DSA absoulate path C:/Users/12302093/AppData/Roaming/Xilinx/Vivado/myproj/Vitis4/hdmi_vdma/hw/hdmi_vdma.xsa
TRACE::2025-12-26.21:57:57::SCWPlatform::DSA directory C:/Users/12302093/AppData/Roaming/Xilinx/Vivado/myproj/Vitis4/hdmi_vdma/hw
TRACE::2025-12-26.21:57:57::SCWPlatform:: Platform Path C:/Users/12302093/AppData/Roaming/Xilinx/Vivado/myproj/Vitis4/hdmi_vdma/hw/hdmi_vdma.xsa
TRACE::2025-12-26.21:57:57::SCWPlatform:: Unique name xilinx:pynq-z2::0.0
TRACE::2025-12-26.21:57:57::SCWPlatform::Trying to set the existing hwdb with name design_1_wrapper_0
TRACE::2025-12-26.21:57:57::SCWPlatform::Opened existing hwdb design_1_wrapper_0
TRACE::2025-12-26.21:57:57::SCWPlatform::Found the Hw Db part of the input DSA
TRACE::2025-12-26.21:57:57::SCWMssOS::Checking the sw design at  C:/Users/12302093/AppData/Roaming/Xilinx/Vivado/myproj/Vitis4/hdmi_vdma/zynq_fsbl/zynq_fsbl_bsp/system.mss
TRACE::2025-12-26.21:57:57::SCWMssOS::DEBUG:  swdes dump  C:/Users/12302093/AppData/Roaming/Xilinx/Vivado/myproj/Vitis4/hdmi_vdma/ps7_cortexa9_0/freertos10_xilinx_ps7_cortexa9_0/bsp/system.mss|system_0||
C:/Users/12302093/AppData/Roaming/Xilinx/Vivado/myproj/Vitis4/hdmi_vdma/zynq_fsbl/zynq_fsbl_bsp/system.mss|system||

TRACE::2025-12-26.21:57:57::SCWMssOS::Sw design exists and opened at  C:/Users/12302093/AppData/Roaming/Xilinx/Vivado/myproj/Vitis4/hdmi_vdma/zynq_fsbl/zynq_fsbl_bsp/system.mss
TRACE::2025-12-26.21:57:57::SCWPlatform::Trying to open the hw design at C:/Users/12302093/AppData/Roaming/Xilinx/Vivado/myproj/Vitis4/hdmi_vdma/hw/hdmi_vdma.xsa
TRACE::2025-12-26.21:57:57::SCWPlatform::DSA given C:/Users/12302093/AppData/Roaming/Xilinx/Vivado/myproj/Vitis4/hdmi_vdma/hw/hdmi_vdma.xsa
TRACE::2025-12-26.21:57:57::SCWPlatform::DSA absoulate path C:/Users/12302093/AppData/Roaming/Xilinx/Vivado/myproj/Vitis4/hdmi_vdma/hw/hdmi_vdma.xsa
TRACE::2025-12-26.21:57:57::SCWPlatform::DSA directory C:/Users/12302093/AppData/Roaming/Xilinx/Vivado/myproj/Vitis4/hdmi_vdma/hw
TRACE::2025-12-26.21:57:57::SCWPlatform:: Platform Path C:/Users/12302093/AppData/Roaming/Xilinx/Vivado/myproj/Vitis4/hdmi_vdma/hw/hdmi_vdma.xsa
TRACE::2025-12-26.21:57:57::SCWPlatform:: Unique name xilinx:pynq-z2::0.0
TRACE::2025-12-26.21:57:57::SCWPlatform::Trying to set the existing hwdb with name design_1_wrapper_0
TRACE::2025-12-26.21:57:57::SCWPlatform::Opened existing hwdb design_1_wrapper_0
TRACE::2025-12-26.21:57:57::SCWPlatform::Found the Hw Db part of the input DSA
TRACE::2025-12-26.21:57:57::SCWMssOS::Checking the sw design at  C:/Users/12302093/AppData/Roaming/Xilinx/Vivado/myproj/Vitis4/hdmi_vdma/zynq_fsbl/zynq_fsbl_bsp/system.mss
TRACE::2025-12-26.21:57:57::SCWMssOS::DEBUG:  swdes dump  C:/Users/12302093/AppData/Roaming/Xilinx/Vivado/myproj/Vitis4/hdmi_vdma/ps7_cortexa9_0/freertos10_xilinx_ps7_cortexa9_0/bsp/system.mss|system_0||
C:/Users/12302093/AppData/Roaming/Xilinx/Vivado/myproj/Vitis4/hdmi_vdma/zynq_fsbl/zynq_fsbl_bsp/system.mss|system||

TRACE::2025-12-26.21:57:57::SCWMssOS::Sw design exists and opened at  C:/Users/12302093/AppData/Roaming/Xilinx/Vivado/myproj/Vitis4/hdmi_vdma/zynq_fsbl/zynq_fsbl_bsp/system.mss
TRACE::2025-12-26.21:57:57::SCWPlatform::Trying to open the hw design at C:/Users/12302093/AppData/Roaming/Xilinx/Vivado/myproj/Vitis4/hdmi_vdma/hw/hdmi_vdma.xsa
TRACE::2025-12-26.21:57:57::SCWPlatform::DSA given C:/Users/12302093/AppData/Roaming/Xilinx/Vivado/myproj/Vitis4/hdmi_vdma/hw/hdmi_vdma.xsa
TRACE::2025-12-26.21:57:57::SCWPlatform::DSA absoulate path C:/Users/12302093/AppData/Roaming/Xilinx/Vivado/myproj/Vitis4/hdmi_vdma/hw/hdmi_vdma.xsa
TRACE::2025-12-26.21:57:57::SCWPlatform::DSA directory C:/Users/12302093/AppData/Roaming/Xilinx/Vivado/myproj/Vitis4/hdmi_vdma/hw
TRACE::2025-12-26.21:57:57::SCWPlatform:: Platform Path C:/Users/12302093/AppData/Roaming/Xilinx/Vivado/myproj/Vitis4/hdmi_vdma/hw/hdmi_vdma.xsa
TRACE::2025-12-26.21:57:57::SCWPlatform:: Unique name xilinx:pynq-z2::0.0
TRACE::2025-12-26.21:57:57::SCWPlatform::Trying to set the existing hwdb with name design_1_wrapper_0
TRACE::2025-12-26.21:57:57::SCWPlatform::Opened existing hwdb design_1_wrapper_0
TRACE::2025-12-26.21:57:57::SCWPlatform::Found the Hw Db part of the input DSA
TRACE::2025-12-26.21:57:57::SCWMssOS::Checking the sw design at  C:/Users/12302093/AppData/Roaming/Xilinx/Vivado/myproj/Vitis4/hdmi_vdma/ps7_cortexa9_0/freertos10_xilinx_ps7_cortexa9_0/bsp/system.mss
TRACE::2025-12-26.21:57:57::SCWMssOS::DEBUG:  swdes dump  C:/Users/12302093/AppData/Roaming/Xilinx/Vivado/myproj/Vitis4/hdmi_vdma/ps7_cortexa9_0/freertos10_xilinx_ps7_cortexa9_0/bsp/system.mss|system_0||
C:/Users/12302093/AppData/Roaming/Xilinx/Vivado/myproj/Vitis4/hdmi_vdma/zynq_fsbl/zynq_fsbl_bsp/system.mss|system||

TRACE::2025-12-26.21:57:57::SCWMssOS::Sw design exists and opened at  C:/Users/12302093/AppData/Roaming/Xilinx/Vivado/myproj/Vitis4/hdmi_vdma/ps7_cortexa9_0/freertos10_xilinx_ps7_cortexa9_0/bsp/system.mss
TRACE::2025-12-26.21:57:57::SCWPlatform::Trying to open the hw design at C:/Users/12302093/AppData/Roaming/Xilinx/Vivado/myproj/Vitis4/hdmi_vdma/hw/hdmi_vdma.xsa
TRACE::2025-12-26.21:57:57::SCWPlatform::DSA given C:/Users/12302093/AppData/Roaming/Xilinx/Vivado/myproj/Vitis4/hdmi_vdma/hw/hdmi_vdma.xsa
TRACE::2025-12-26.21:57:57::SCWPlatform::DSA absoulate path C:/Users/12302093/AppData/Roaming/Xilinx/Vivado/myproj/Vitis4/hdmi_vdma/hw/hdmi_vdma.xsa
TRACE::2025-12-26.21:57:57::SCWPlatform::DSA directory C:/Users/12302093/AppData/Roaming/Xilinx/Vivado/myproj/Vitis4/hdmi_vdma/hw
TRACE::2025-12-26.21:57:57::SCWPlatform:: Platform Path C:/Users/12302093/AppData/Roaming/Xilinx/Vivado/myproj/Vitis4/hdmi_vdma/hw/hdmi_vdma.xsa
TRACE::2025-12-26.21:57:57::SCWPlatform:: Unique name xilinx:pynq-z2::0.0
TRACE::2025-12-26.21:57:57::SCWPlatform::Trying to set the existing hwdb with name design_1_wrapper_0
TRACE::2025-12-26.21:57:57::SCWPlatform::Opened existing hwdb design_1_wrapper_0
TRACE::2025-12-26.21:57:57::SCWPlatform::Found the Hw Db part of the input DSA
TRACE::2025-12-26.21:57:57::SCWMssOS::Checking the sw design at  C:/Users/12302093/AppData/Roaming/Xilinx/Vivado/myproj/Vitis4/hdmi_vdma/ps7_cortexa9_0/freertos10_xilinx_ps7_cortexa9_0/bsp/system.mss
TRACE::2025-12-26.21:57:57::SCWMssOS::DEBUG:  swdes dump  C:/Users/12302093/AppData/Roaming/Xilinx/Vivado/myproj/Vitis4/hdmi_vdma/ps7_cortexa9_0/freertos10_xilinx_ps7_cortexa9_0/bsp/system.mss|system_0||
C:/Users/12302093/AppData/Roaming/Xilinx/Vivado/myproj/Vitis4/hdmi_vdma/zynq_fsbl/zynq_fsbl_bsp/system.mss|system||

TRACE::2025-12-26.21:57:57::SCWMssOS::Sw design exists and opened at  C:/Users/12302093/AppData/Roaming/Xilinx/Vivado/myproj/Vitis4/hdmi_vdma/ps7_cortexa9_0/freertos10_xilinx_ps7_cortexa9_0/bsp/system.mss
TRACE::2025-12-26.21:57:57::SCWPlatform::Trying to open the hw design at C:/Users/12302093/AppData/Roaming/Xilinx/Vivado/myproj/Vitis4/hdmi_vdma/hw/hdmi_vdma.xsa
TRACE::2025-12-26.21:57:57::SCWPlatform::DSA given C:/Users/12302093/AppData/Roaming/Xilinx/Vivado/myproj/Vitis4/hdmi_vdma/hw/hdmi_vdma.xsa
TRACE::2025-12-26.21:57:57::SCWPlatform::DSA absoulate path C:/Users/12302093/AppData/Roaming/Xilinx/Vivado/myproj/Vitis4/hdmi_vdma/hw/hdmi_vdma.xsa
TRACE::2025-12-26.21:57:57::SCWPlatform::DSA directory C:/Users/12302093/AppData/Roaming/Xilinx/Vivado/myproj/Vitis4/hdmi_vdma/hw
TRACE::2025-12-26.21:57:57::SCWPlatform:: Platform Path C:/Users/12302093/AppData/Roaming/Xilinx/Vivado/myproj/Vitis4/hdmi_vdma/hw/hdmi_vdma.xsa
TRACE::2025-12-26.21:57:57::SCWPlatform:: Unique name xilinx:pynq-z2::0.0
TRACE::2025-12-26.21:57:57::SCWPlatform::Trying to set the existing hwdb with name design_1_wrapper_0
TRACE::2025-12-26.21:57:57::SCWPlatform::Opened existing hwdb design_1_wrapper_0
TRACE::2025-12-26.21:57:57::SCWPlatform::Found the Hw Db part of the input DSA
TRACE::2025-12-26.21:57:57::SCWMssOS::Checking the sw design at  C:/Users/12302093/AppData/Roaming/Xilinx/Vivado/myproj/Vitis4/hdmi_vdma/ps7_cortexa9_0/freertos10_xilinx_ps7_cortexa9_0/bsp/system.mss
TRACE::2025-12-26.21:57:57::SCWMssOS::DEBUG:  swdes dump  C:/Users/12302093/AppData/Roaming/Xilinx/Vivado/myproj/Vitis4/hdmi_vdma/ps7_cortexa9_0/freertos10_xilinx_ps7_cortexa9_0/bsp/system.mss|system_0||
C:/Users/12302093/AppData/Roaming/Xilinx/Vivado/myproj/Vitis4/hdmi_vdma/zynq_fsbl/zynq_fsbl_bsp/system.mss|system||

TRACE::2025-12-26.21:57:57::SCWMssOS::Sw design exists and opened at  C:/Users/12302093/AppData/Roaming/Xilinx/Vivado/myproj/Vitis4/hdmi_vdma/ps7_cortexa9_0/freertos10_xilinx_ps7_cortexa9_0/bsp/system.mss
TRACE::2025-12-26.21:57:57::SCWWriter::formatted JSON is {
	"platformName":	"hdmi_vdma",
	"sprVersion":	"2.0",
	"mode":	"gui",
	"dsaType":	"Fixed",
	"platformDesc":	"hdmi_vdma",
	"platHandOff":	"C:/Users/12302093/AppData/Roaming/Xilinx/Vivado/myproj/hdmi_vdma.xsa",
	"platIntHandOff":	"<platformDir>/hw/hdmi_vdma.xsa",
	"deviceType":	"zynq",
	"platIsPrebuiltAutogen":	"false",
	"platIsNoBootBsp":	"false",
	"platFsblTarget":	"ps7_cortexa9_0",
	"hasFsblMakeHasChanges":	"false",
	"hasPmufwMakeHasChanges":	"false",
	"fsblExtraCompilerFlags":	"-MMD -MP       -mcpu=cortex-a9 -mfpu=vfpv3 -mfloat-abi=hard ",
	"platPreBuiltFlag":	false,
	"platformSamplesDir":	"",
	"platActiveSys":	"hdmi_vdma",
	"systems":	[{
			"systemName":	"hdmi_vdma",
			"systemDesc":	"hdmi_vdma",
			"sysIsBootAutoGen":	"true",
			"systemDispName":	"hdmi_vdma",
			"sysActiveDom":	"freertos10_xilinx_ps7_cortexa9_0",
			"sysDefaultDom":	"freertos10_xilinx_ps7_cortexa9_0",
			"domains":	[{
					"domainName":	"zynq_fsbl",
					"domainDispName":	"zynq_fsbl",
					"domainDesc":	"FSBL Application BSP - Auto Generated.",
					"processors":	"ps7_cortexa9_0",
					"os":	"standalone",
					"sdxOs":	"standalone",
					"debugEnable":	"",
					"domRuntimes":	["cpp"],
					"swRepo":	"",
					"mssOsVer":	"9.1",
					"mssFile":	"",
					"md5Digest":	"70e198c9745202171b2b27f97526b3a8",
					"compatibleApp":	"zynq_fsbl",
					"domType":	"bootDomain",
					"arch":	"32-bit",
					"appSettings":	{
						"appCompilerFlags":	"",
						"appLinkerFlags":	""
					},
					"addedLibs":	["xilffs:5.2", "xilrsa:1.8"],
					"libOptions":	{
						"libsContainingOptions":	[]
					},
					"prebuiltLibs":	{
						"prebuiltIncPath":	[],
						"prebuiltLibPath":	[]
					},
					"isolation":	{
					}
				}, {
					"domainName":	"freertos10_xilinx_ps7_cortexa9_0",
					"domainDispName":	"freertos10_xilinx_ps7_cortexa9_0",
					"domainDesc":	"freertos10_xilinx_ps7_cortexa9_0",
					"processors":	"ps7_cortexa9_0",
					"os":	"freertos10_xilinx",
					"sdxOs":	"freertos10_xilinx",
					"qemuArgs":	"<platformDir>/resources/hdmi_vdma/freertos10_xilinx_ps7_cortexa9_0/qemu_args.txt",
					"qemuData":	"<platformDir>/resources/hdmi_vdma/freertos10_xilinx_ps7_cortexa9_0/qemu",
					"debugEnable":	"False",
					"domRuntimes":	["cpp"],
					"swRepo":	"",
					"mssOsVer":	"1.15",
					"mssFile":	"",
					"md5Digest":	"cffc92093176e96535fc1f78fea892dd",
					"compatibleApp":	"freertos_lwip_udp_perf_server",
					"domType":	"mssDomain",
					"arch":	"32-bit",
					"appSettings":	{
						"appCompilerFlags":	"",
						"appLinkerFlags":	""
					},
					"addedLibs":	["lwip220:1.0"],
					"libOptions":	{
						"freertos10_xilinx":	{
							"total_heap_size":	"262140",
							"libOptionNames":	["total_heap_size"]
						},
						"libsContainingOptions":	["freertos10_xilinx"]
					},
					"prebuiltLibs":	{
						"prebuiltIncPath":	[],
						"prebuiltLibPath":	[]
					},
					"isolation":	{
					}
				}]
		}]
}
KEYINFO::2025-12-26.21:57:57::SCWPlatform::updated the xpfm file.
LOG::2025-12-26.21:59:00::SCWPlatform::Started generating the artifacts platform hdmi_vdma
TRACE::2025-12-26.21:59:00::SCWPlatform::Sanity checking of platform is completed
LOG::2025-12-26.21:59:00::SCWPlatform::Started generating the artifacts for system configuration hdmi_vdma
LOG::2025-12-26.21:59:00::SCWSystem::Checking the domain zynq_fsbl
LOG::2025-12-26.21:59:00::SCWSystem::Doing application build for :  zynq_fsbl
TRACE::2025-12-26.21:59:00::SCWBDomain::Not a forced makefile updation, No changes are present. 
TRACE::2025-12-26.21:59:00::SCWDomain::Building the domain as part of full build :  zynq_fsbl
TRACE::2025-12-26.21:59:00::SCWPlatform::Trying to open the hw design at C:/Users/12302093/AppData/Roaming/Xilinx/Vivado/myproj/Vitis4/hdmi_vdma/hw/hdmi_vdma.xsa
TRACE::2025-12-26.21:59:00::SCWPlatform::DSA given C:/Users/12302093/AppData/Roaming/Xilinx/Vivado/myproj/Vitis4/hdmi_vdma/hw/hdmi_vdma.xsa
TRACE::2025-12-26.21:59:00::SCWPlatform::DSA absoulate path C:/Users/12302093/AppData/Roaming/Xilinx/Vivado/myproj/Vitis4/hdmi_vdma/hw/hdmi_vdma.xsa
TRACE::2025-12-26.21:59:00::SCWPlatform::DSA directory C:/Users/12302093/AppData/Roaming/Xilinx/Vivado/myproj/Vitis4/hdmi_vdma/hw
TRACE::2025-12-26.21:59:00::SCWPlatform:: Platform Path C:/Users/12302093/AppData/Roaming/Xilinx/Vivado/myproj/Vitis4/hdmi_vdma/hw/hdmi_vdma.xsa
TRACE::2025-12-26.21:59:00::SCWPlatform:: Unique name xilinx:pynq-z2::0.0
TRACE::2025-12-26.21:59:00::SCWPlatform::Trying to set the existing hwdb with name design_1_wrapper_0
TRACE::2025-12-26.21:59:00::SCWPlatform::Opened existing hwdb design_1_wrapper_0
TRACE::2025-12-26.21:59:00::SCWPlatform::Found the Hw Db part of the input DSA
TRACE::2025-12-26.21:59:00::SCWMssOS::Checking the sw design at  C:/Users/12302093/AppData/Roaming/Xilinx/Vivado/myproj/Vitis4/hdmi_vdma/zynq_fsbl/zynq_fsbl_bsp/system.mss
TRACE::2025-12-26.21:59:00::SCWMssOS::DEBUG:  swdes dump  C:/Users/12302093/AppData/Roaming/Xilinx/Vivado/myproj/Vitis4/hdmi_vdma/ps7_cortexa9_0/freertos10_xilinx_ps7_cortexa9_0/bsp/system.mss|system_0||
C:/Users/12302093/AppData/Roaming/Xilinx/Vivado/myproj/Vitis4/hdmi_vdma/zynq_fsbl/zynq_fsbl_bsp/system.mss|system||

TRACE::2025-12-26.21:59:00::SCWMssOS::Sw design exists and opened at  C:/Users/12302093/AppData/Roaming/Xilinx/Vivado/myproj/Vitis4/hdmi_vdma/zynq_fsbl/zynq_fsbl_bsp/system.mss
TRACE::2025-12-26.21:59:00::SCWBDomain::Completed writing the mss file at C:/Users/12302093/AppData/Roaming/Xilinx/Vivado/myproj/Vitis4/hdmi_vdma/zynq_fsbl/zynq_fsbl_bsp
TRACE::2025-12-26.21:59:00::SCWBDomain::bsp generated is upto date with the mss file. Skipping bsp generation.
TRACE::2025-12-26.21:59:00::SCWBDomain::Not a forced makefile updation, No changes are present. 
TRACE::2025-12-26.21:59:00::SCWBDomain::System Command Ran  C:&  cd  C:/Users/12302093/AppData/Roaming/Xilinx/Vivado/myproj/Vitis4/hdmi_vdma/zynq_fsbl& make -C  zynq_fsbl_bsp & make 
TRACE::2025-12-26.21:59:00::SCWBDomain::make: Entering directory 'C:/Users/12302093/AppData/Roaming/Xilinx/Vivado/myproj/Vitis4/hdmi_vdma/zynq_fsbl/zynq_fsbl_bsp'

TRACE::2025-12-26.21:59:00::SCWBDomain::make --no-print-directory seq_libs

TRACE::2025-12-26.21:59:00::SCWBDomain::"Running Make include in ps7_cortexa9_0/libsrc/axivdma_v6_15/src"

TRACE::2025-12-26.21:59:00::SCWBDomain::make -C ps7_cortexa9_0/libsrc/axivdma_v6_15/src -s include  "SHELL=CMD" "COMPILER=arm-none-eabi-gcc" "ASSEMBLER=arm-none-eabi-a
TRACE::2025-12-26.21:59:00::SCWBDomain::s" "ARCHIVER=arm-none-eabi-ar" "COMPILER_FLAGS=  -O2 -c" "EXTRA_COMPILER_FLAGS=-mcpu=cortex-a9 -mfpu=vfpv3 -mfloat-abi=hard -no
TRACE::2025-12-26.21:59:00::SCWBDomain::startfiles -g -Wall -Wextra -fno-tree-loop-distribute-patterns"

TRACE::2025-12-26.21:59:00::SCWBDomain::"Running Make include in ps7_cortexa9_0/libsrc/coresightps_dcc_v1_10/src"

TRACE::2025-12-26.21:59:00::SCWBDomain::make -C ps7_cortexa9_0/libsrc/coresightps_dcc_v1_10/src -s include  "SHELL=CMD" "COMPILER=arm-none-eabi-gcc" "ASSEMBLER=arm-non
TRACE::2025-12-26.21:59:00::SCWBDomain::e-eabi-as" "ARCHIVER=arm-none-eabi-ar" "COMPILER_FLAGS=  -O2 -c" "EXTRA_COMPILER_FLAGS=-mcpu=cortex-a9 -mfpu=vfpv3 -mfloat-abi=
TRACE::2025-12-26.21:59:00::SCWBDomain::hard -nostartfiles -g -Wall -Wextra -fno-tree-loop-distribute-patterns"

TRACE::2025-12-26.21:59:00::SCWBDomain::"Running Make include in ps7_cortexa9_0/libsrc/cpu_cortexa9_v2_12/src"

TRACE::2025-12-26.21:59:00::SCWBDomain::make -C ps7_cortexa9_0/libsrc/cpu_cortexa9_v2_12/src -s include  "SHELL=CMD" "COMPILER=arm-none-eabi-gcc" "ASSEMBLER=arm-none-e
TRACE::2025-12-26.21:59:00::SCWBDomain::abi-as" "ARCHIVER=arm-none-eabi-ar" "COMPILER_FLAGS=  -O2 -c" "EXTRA_COMPILER_FLAGS=-mcpu=cortex-a9 -mfpu=vfpv3 -mfloat-abi=har
TRACE::2025-12-26.21:59:00::SCWBDomain::d -nostartfiles -g -Wall -Wextra -fno-tree-loop-distribute-patterns"

TRACE::2025-12-26.21:59:01::SCWBDomain::"Running Make include in ps7_cortexa9_0/libsrc/ddrps_v1_2/src"

TRACE::2025-12-26.21:59:01::SCWBDomain::make -C ps7_cortexa9_0/libsrc/ddrps_v1_2/src -s include  "SHELL=CMD" "COMPILER=arm-none-eabi-gcc" "ASSEMBLER=arm-none-eabi-as" 
TRACE::2025-12-26.21:59:01::SCWBDomain::"ARCHIVER=arm-none-eabi-ar" "COMPILER_FLAGS=  -O2 -c" "EXTRA_COMPILER_FLAGS=-mcpu=cortex-a9 -mfpu=vfpv3 -mfloat-abi=hard -nosta
TRACE::2025-12-26.21:59:01::SCWBDomain::rtfiles -g -Wall -Wextra -fno-tree-loop-distribute-patterns"

TRACE::2025-12-26.21:59:01::SCWBDomain::"Running Make include in ps7_cortexa9_0/libsrc/devcfg_v3_8/src"

TRACE::2025-12-26.21:59:01::SCWBDomain::make -C ps7_cortexa9_0/libsrc/devcfg_v3_8/src -s include  "SHELL=CMD" "COMPILER=arm-none-eabi-gcc" "ASSEMBLER=arm-none-eabi-as"
TRACE::2025-12-26.21:59:01::SCWBDomain:: "ARCHIVER=arm-none-eabi-ar" "COMPILER_FLAGS=  -O2 -c" "EXTRA_COMPILER_FLAGS=-mcpu=cortex-a9 -mfpu=vfpv3 -mfloat-abi=hard -nost
TRACE::2025-12-26.21:59:01::SCWBDomain::artfiles -g -Wall -Wextra -fno-tree-loop-distribute-patterns"

TRACE::2025-12-26.21:59:01::SCWBDomain::"Running Make include in ps7_cortexa9_0/libsrc/dmaps_v2_10/src"

TRACE::2025-12-26.21:59:01::SCWBDomain::make -C ps7_cortexa9_0/libsrc/dmaps_v2_10/src -s include  "SHELL=CMD" "COMPILER=arm-none-eabi-gcc" "ASSEMBLER=arm-none-eabi-as"
TRACE::2025-12-26.21:59:01::SCWBDomain:: "ARCHIVER=arm-none-eabi-ar" "COMPILER_FLAGS=  -O2 -c" "EXTRA_COMPILER_FLAGS=-mcpu=cortex-a9 -mfpu=vfpv3 -mfloat-abi=hard -nost
TRACE::2025-12-26.21:59:01::SCWBDomain::artfiles -g -Wall -Wextra -fno-tree-loop-distribute-patterns"

TRACE::2025-12-26.21:59:01::SCWBDomain::"Running Make include in ps7_cortexa9_0/libsrc/emacps_v3_20/src"

TRACE::2025-12-26.21:59:01::SCWBDomain::make -C ps7_cortexa9_0/libsrc/emacps_v3_20/src -s include  "SHELL=CMD" "COMPILER=arm-none-eabi-gcc" "ASSEMBLER=arm-none-eabi-as
TRACE::2025-12-26.21:59:01::SCWBDomain::" "ARCHIVER=arm-none-eabi-ar" "COMPILER_FLAGS=  -O2 -c" "EXTRA_COMPILER_FLAGS=-mcpu=cortex-a9 -mfpu=vfpv3 -mfloat-abi=hard -nos
TRACE::2025-12-26.21:59:01::SCWBDomain::tartfiles -g -Wall -Wextra -fno-tree-loop-distribute-patterns"

TRACE::2025-12-26.21:59:01::SCWBDomain::"Running Make include in ps7_cortexa9_0/libsrc/gpiops_v3_13/src"

TRACE::2025-12-26.21:59:01::SCWBDomain::make -C ps7_cortexa9_0/libsrc/gpiops_v3_13/src -s include  "SHELL=CMD" "COMPILER=arm-none-eabi-gcc" "ASSEMBLER=arm-none-eabi-as
TRACE::2025-12-26.21:59:01::SCWBDomain::" "ARCHIVER=arm-none-eabi-ar" "COMPILER_FLAGS=  -O2 -c" "EXTRA_COMPILER_FLAGS=-mcpu=cortex-a9 -mfpu=vfpv3 -mfloat-abi=hard -nos
TRACE::2025-12-26.21:59:01::SCWBDomain::tartfiles -g -Wall -Wextra -fno-tree-loop-distribute-patterns"

TRACE::2025-12-26.21:59:02::SCWBDomain::"Running Make include in ps7_cortexa9_0/libsrc/qspips_v3_12/src"

TRACE::2025-12-26.21:59:02::SCWBDomain::make -C ps7_cortexa9_0/libsrc/qspips_v3_12/src -s include  "SHELL=CMD" "COMPILER=arm-none-eabi-gcc" "ASSEMBLER=arm-none-eabi-as
TRACE::2025-12-26.21:59:02::SCWBDomain::" "ARCHIVER=arm-none-eabi-ar" "COMPILER_FLAGS=  -O2 -c" "EXTRA_COMPILER_FLAGS=-mcpu=cortex-a9 -mfpu=vfpv3 -mfloat-abi=hard -nos
TRACE::2025-12-26.21:59:02::SCWBDomain::tartfiles -g -Wall -Wextra -fno-tree-loop-distribute-patterns"

TRACE::2025-12-26.21:59:02::SCWBDomain::"Running Make include in ps7_cortexa9_0/libsrc/scugic_v5_3/src"

TRACE::2025-12-26.21:59:02::SCWBDomain::make -C ps7_cortexa9_0/libsrc/scugic_v5_3/src -s include  "SHELL=CMD" "COMPILER=arm-none-eabi-gcc" "ASSEMBLER=arm-none-eabi-as"
TRACE::2025-12-26.21:59:02::SCWBDomain:: "ARCHIVER=arm-none-eabi-ar" "COMPILER_FLAGS=  -O2 -c" "EXTRA_COMPILER_FLAGS=-mcpu=cortex-a9 -mfpu=vfpv3 -mfloat-abi=hard -nost
TRACE::2025-12-26.21:59:02::SCWBDomain::artfiles -g -Wall -Wextra -fno-tree-loop-distribute-patterns"

TRACE::2025-12-26.21:59:02::SCWBDomain::"Running Make include in ps7_cortexa9_0/libsrc/scutimer_v2_6/src"

TRACE::2025-12-26.21:59:02::SCWBDomain::make -C ps7_cortexa9_0/libsrc/scutimer_v2_6/src -s include  "SHELL=CMD" "COMPILER=arm-none-eabi-gcc" "ASSEMBLER=arm-none-eabi-a
TRACE::2025-12-26.21:59:02::SCWBDomain::s" "ARCHIVER=arm-none-eabi-ar" "COMPILER_FLAGS=  -O2 -c" "EXTRA_COMPILER_FLAGS=-mcpu=cortex-a9 -mfpu=vfpv3 -mfloat-abi=hard -no
TRACE::2025-12-26.21:59:02::SCWBDomain::startfiles -g -Wall -Wextra -fno-tree-loop-distribute-patterns"

TRACE::2025-12-26.21:59:02::SCWBDomain::"Running Make include in ps7_cortexa9_0/libsrc/scuwdt_v2_5/src"

TRACE::2025-12-26.21:59:02::SCWBDomain::make -C ps7_cortexa9_0/libsrc/scuwdt_v2_5/src -s include  "SHELL=CMD" "COMPILER=arm-none-eabi-gcc" "ASSEMBLER=arm-none-eabi-as"
TRACE::2025-12-26.21:59:02::SCWBDomain:: "ARCHIVER=arm-none-eabi-ar" "COMPILER_FLAGS=  -O2 -c" "EXTRA_COMPILER_FLAGS=-mcpu=cortex-a9 -mfpu=vfpv3 -mfloat-abi=hard -nost
TRACE::2025-12-26.21:59:02::SCWBDomain::artfiles -g -Wall -Wextra -fno-tree-loop-distribute-patterns"

TRACE::2025-12-26.21:59:02::SCWBDomain::"Running Make include in ps7_cortexa9_0/libsrc/sdps_v4_3/src"

TRACE::2025-12-26.21:59:02::SCWBDomain::make -C ps7_cortexa9_0/libsrc/sdps_v4_3/src -s include  "SHELL=CMD" "COMPILER=arm-none-eabi-gcc" "ASSEMBLER=arm-none-eabi-as" "
TRACE::2025-12-26.21:59:02::SCWBDomain::ARCHIVER=arm-none-eabi-ar" "COMPILER_FLAGS=  -O2 -c" "EXTRA_COMPILER_FLAGS=-mcpu=cortex-a9 -mfpu=vfpv3 -mfloat-abi=hard -nostar
TRACE::2025-12-26.21:59:02::SCWBDomain::tfiles -g -Wall -Wextra -fno-tree-loop-distribute-patterns"

TRACE::2025-12-26.21:59:02::SCWBDomain::"Running Make include in ps7_cortexa9_0/libsrc/standalone_v9_1/src"

TRACE::2025-12-26.21:59:03::SCWBDomain::make -C ps7_cortexa9_0/libsrc/standalone_v9_1/src -s include  "SHELL=CMD" "COMPILER=arm-none-eabi-gcc" "ASSEMBLER=arm-none-eabi
TRACE::2025-12-26.21:59:03::SCWBDomain::-as" "ARCHIVER=arm-none-eabi-ar" "COMPILER_FLAGS=  -O2 -c" "EXTRA_COMPILER_FLAGS=-mcpu=cortex-a9 -mfpu=vfpv3 -mfloat-abi=hard -
TRACE::2025-12-26.21:59:03::SCWBDomain::nostartfiles -g -Wall -Wextra -fno-tree-loop-distribute-patterns"

TRACE::2025-12-26.21:59:04::SCWBDomain::"Running Make include in ps7_cortexa9_0/libsrc/uartps_v3_14/src"

TRACE::2025-12-26.21:59:04::SCWBDomain::make -C ps7_cortexa9_0/libsrc/uartps_v3_14/src -s include  "SHELL=CMD" "COMPILER=arm-none-eabi-gcc" "ASSEMBLER=arm-none-eabi-as
TRACE::2025-12-26.21:59:04::SCWBDomain::" "ARCHIVER=arm-none-eabi-ar" "COMPILER_FLAGS=  -O2 -c" "EXTRA_COMPILER_FLAGS=-mcpu=cortex-a9 -mfpu=vfpv3 -mfloat-abi=hard -nos
TRACE::2025-12-26.21:59:04::SCWBDomain::tartfiles -g -Wall -Wextra -fno-tree-loop-distribute-patterns"

TRACE::2025-12-26.21:59:04::SCWBDomain::"Running Make include in ps7_cortexa9_0/libsrc/usbps_v2_9/src"

TRACE::2025-12-26.21:59:04::SCWBDomain::make -C ps7_cortexa9_0/libsrc/usbps_v2_9/src -s include  "SHELL=CMD" "COMPILER=arm-none-eabi-gcc" "ASSEMBLER=arm-none-eabi-as" 
TRACE::2025-12-26.21:59:04::SCWBDomain::"ARCHIVER=arm-none-eabi-ar" "COMPILER_FLAGS=  -O2 -c" "EXTRA_COMPILER_FLAGS=-mcpu=cortex-a9 -mfpu=vfpv3 -mfloat-abi=hard -nosta
TRACE::2025-12-26.21:59:04::SCWBDomain::rtfiles -g -Wall -Wextra -fno-tree-loop-distribute-patterns"

TRACE::2025-12-26.21:59:05::SCWBDomain::"Running Make include in ps7_cortexa9_0/libsrc/xadcps_v2_7/src"

TRACE::2025-12-26.21:59:05::SCWBDomain::make -C ps7_cortexa9_0/libsrc/xadcps_v2_7/src -s include  "SHELL=CMD" "COMPILER=arm-none-eabi-gcc" "ASSEMBLER=arm-none-eabi-as"
TRACE::2025-12-26.21:59:05::SCWBDomain:: "ARCHIVER=arm-none-eabi-ar" "COMPILER_FLAGS=  -O2 -c" "EXTRA_COMPILER_FLAGS=-mcpu=cortex-a9 -mfpu=vfpv3 -mfloat-abi=hard -nost
TRACE::2025-12-26.21:59:05::SCWBDomain::artfiles -g -Wall -Wextra -fno-tree-loop-distribute-patterns"

TRACE::2025-12-26.21:59:05::SCWBDomain::"Running Make include in ps7_cortexa9_0/libsrc/xilffs_v5_2/src"

TRACE::2025-12-26.21:59:05::SCWBDomain::make -C ps7_cortexa9_0/libsrc/xilffs_v5_2/src -s include  "SHELL=CMD" "COMPILER=arm-none-eabi-gcc" "ASSEMBLER=arm-none-eabi-as"
TRACE::2025-12-26.21:59:05::SCWBDomain:: "ARCHIVER=arm-none-eabi-ar" "COMPILER_FLAGS=  -O2 -c" "EXTRA_COMPILER_FLAGS=-mcpu=cortex-a9 -mfpu=vfpv3 -mfloat-abi=hard -nost
TRACE::2025-12-26.21:59:05::SCWBDomain::artfiles -g -Wall -Wextra -fno-tree-loop-distribute-patterns"

TRACE::2025-12-26.21:59:05::SCWBDomain::"Running Make include in ps7_cortexa9_0/libsrc/xilrsa_v1_8/src"

TRACE::2025-12-26.21:59:05::SCWBDomain::make -C ps7_cortexa9_0/libsrc/xilrsa_v1_8/src -s include  "SHELL=CMD" "COMPILER=arm-none-eabi-gcc" "ASSEMBLER=arm-none-eabi-as"
TRACE::2025-12-26.21:59:05::SCWBDomain:: "ARCHIVER=arm-none-eabi-ar" "COMPILER_FLAGS=  -O2 -c" "EXTRA_COMPILER_FLAGS=-mcpu=cortex-a9 -mfpu=vfpv3 -mfloat-abi=hard -nost
TRACE::2025-12-26.21:59:05::SCWBDomain::artfiles -g -Wall -Wextra -fno-tree-loop-distribute-patterns"

TRACE::2025-12-26.21:59:05::SCWBDomain::"Running Make libs in ps7_cortexa9_0/libsrc/xilrsa_v1_8/src"

TRACE::2025-12-26.21:59:05::SCWBDomain::make -C ps7_cortexa9_0/libsrc/xilrsa_v1_8/src -s libs  "SHELL=CMD" "COMPILER=arm-none-eabi-gcc" "ASSEMBLER=arm-none-eabi-as" "A
TRACE::2025-12-26.21:59:05::SCWBDomain::RCHIVER=arm-none-eabi-ar" "COMPILER_FLAGS=  -O2 -c" "EXTRA_COMPILER_FLAGS=-mcpu=cortex-a9 -mfpu=vfpv3 -mfloat-abi=hard -nostart
TRACE::2025-12-26.21:59:05::SCWBDomain::files -g -Wall -Wextra -fno-tree-loop-distribute-patterns"

TRACE::2025-12-26.21:59:05::SCWBDomain::'Finished building libraries sequentially.'

TRACE::2025-12-26.21:59:05::SCWBDomain::make -j 10 --no-print-directory par_libs

TRACE::2025-12-26.21:59:05::SCWBDomain::"Running Make include in ps7_cortexa9_0/libsrc/axivdma_v6_15/src"

TRACE::2025-12-26.21:59:05::SCWBDomain::make -C ps7_cortexa9_0/libsrc/axivdma_v6_15/src -s include  "SHELL=CMD" "COMPILER=arm-none-eabi-gcc" "ASSEMBLER=arm-none-eabi-a
TRACE::2025-12-26.21:59:05::SCWBDomain::s" "ARCHIVER=arm-none-eabi-ar" "COMPILER_FLAGS=  -O2 -c" "EXTRA_COMPILER_FLAGS=-mcpu=cortex-a9 -mfpu=vfpv3 -mfloat-abi=hard -no
TRACE::2025-12-26.21:59:05::SCWBDomain::startfiles -g -Wall -Wextra -fno-tree-loop-distribute-patterns"

TRACE::2025-12-26.21:59:05::SCWBDomain::"Running Make include in ps7_cortexa9_0/libsrc/coresightps_dcc_v1_10/src"

TRACE::2025-12-26.21:59:05::SCWBDomain::make -C ps7_cortexa9_0/libsrc/coresightps_dcc_v1_10/src -s include  "SHELL=CMD" "COMPILER=arm-none-eabi-gcc" "ASSEMBLER=arm-non
TRACE::2025-12-26.21:59:05::SCWBDomain::e-eabi-as" "ARCHIVER=arm-none-eabi-ar" "COMPILER_FLAGS=  -O2 -c" "EXTRA_COMPILER_FLAGS=-mcpu=cortex-a9 -mfpu=vfpv3 -mfloat-abi=
TRACE::2025-12-26.21:59:05::SCWBDomain::hard -nostartfiles -g -Wall -Wextra -fno-tree-loop-distribute-patterns"

TRACE::2025-12-26.21:59:05::SCWBDomain::"Running Make include in ps7_cortexa9_0/libsrc/cpu_cortexa9_v2_12/src"

TRACE::2025-12-26.21:59:05::SCWBDomain::make -C ps7_cortexa9_0/libsrc/cpu_cortexa9_v2_12/src -s include  "SHELL=CMD" "COMPILER=arm-none-eabi-gcc" "ASSEMBLER=arm-none-e
TRACE::2025-12-26.21:59:05::SCWBDomain::abi-as" "ARCHIVER=arm-none-eabi-ar" "COMPILER_FLAGS=  -O2 -c" "EXTRA_COMPILER_FLAGS=-mcpu=cortex-a9 -mfpu=vfpv3 -mfloat-abi=har
TRACE::2025-12-26.21:59:05::SCWBDomain::d -nostartfiles -g -Wall -Wextra -fno-tree-loop-distribute-patterns"

TRACE::2025-12-26.21:59:05::SCWBDomain::"Running Make include in ps7_cortexa9_0/libsrc/ddrps_v1_2/src"

TRACE::2025-12-26.21:59:06::SCWBDomain::make -C ps7_cortexa9_0/libsrc/ddrps_v1_2/src -s include  "SHELL=CMD" "COMPILER=arm-none-eabi-gcc" "ASSEMBLER=arm-none-eabi-as" 
TRACE::2025-12-26.21:59:06::SCWBDomain::"ARCHIVER=arm-none-eabi-ar" "COMPILER_FLAGS=  -O2 -c" "EXTRA_COMPILER_FLAGS=-mcpu=cortex-a9 -mfpu=vfpv3 -mfloat-abi=hard -nosta
TRACE::2025-12-26.21:59:06::SCWBDomain::rtfiles -g -Wall -Wextra -fno-tree-loop-distribute-patterns"

TRACE::2025-12-26.21:59:06::SCWBDomain::"Running Make include in ps7_cortexa9_0/libsrc/devcfg_v3_8/src"

TRACE::2025-12-26.21:59:06::SCWBDomain::make -C ps7_cortexa9_0/libsrc/devcfg_v3_8/src -s include  "SHELL=CMD" "COMPILER=arm-none-eabi-gcc" "ASSEMBLER=arm-none-eabi-as"
TRACE::2025-12-26.21:59:06::SCWBDomain:: "ARCHIVER=arm-none-eabi-ar" "COMPILER_FLAGS=  -O2 -c" "EXTRA_COMPILER_FLAGS=-mcpu=cortex-a9 -mfpu=vfpv3 -mfloat-abi=hard -nost
TRACE::2025-12-26.21:59:06::SCWBDomain::artfiles -g -Wall -Wextra -fno-tree-loop-distribute-patterns"

TRACE::2025-12-26.21:59:06::SCWBDomain::"Running Make include in ps7_cortexa9_0/libsrc/dmaps_v2_10/src"

TRACE::2025-12-26.21:59:06::SCWBDomain::make -C ps7_cortexa9_0/libsrc/dmaps_v2_10/src -s include  "SHELL=CMD" "COMPILER=arm-none-eabi-gcc" "ASSEMBLER=arm-none-eabi-as"
TRACE::2025-12-26.21:59:06::SCWBDomain:: "ARCHIVER=arm-none-eabi-ar" "COMPILER_FLAGS=  -O2 -c" "EXTRA_COMPILER_FLAGS=-mcpu=cortex-a9 -mfpu=vfpv3 -mfloat-abi=hard -nost
TRACE::2025-12-26.21:59:06::SCWBDomain::artfiles -g -Wall -Wextra -fno-tree-loop-distribute-patterns"

TRACE::2025-12-26.21:59:06::SCWBDomain::"Running Make include in ps7_cortexa9_0/libsrc/emacps_v3_20/src"

TRACE::2025-12-26.21:59:06::SCWBDomain::make -C ps7_cortexa9_0/libsrc/emacps_v3_20/src -s include  "SHELL=CMD" "COMPILER=arm-none-eabi-gcc" "ASSEMBLER=arm-none-eabi-as
TRACE::2025-12-26.21:59:06::SCWBDomain::" "ARCHIVER=arm-none-eabi-ar" "COMPILER_FLAGS=  -O2 -c" "EXTRA_COMPILER_FLAGS=-mcpu=cortex-a9 -mfpu=vfpv3 -mfloat-abi=hard -nos
TRACE::2025-12-26.21:59:06::SCWBDomain::tartfiles -g -Wall -Wextra -fno-tree-loop-distribute-patterns"

TRACE::2025-12-26.21:59:06::SCWBDomain::"Running Make include in ps7_cortexa9_0/libsrc/gpiops_v3_13/src"

TRACE::2025-12-26.21:59:06::SCWBDomain::make -C ps7_cortexa9_0/libsrc/gpiops_v3_13/src -s include  "SHELL=CMD" "COMPILER=arm-none-eabi-gcc" "ASSEMBLER=arm-none-eabi-as
TRACE::2025-12-26.21:59:06::SCWBDomain::" "ARCHIVER=arm-none-eabi-ar" "COMPILER_FLAGS=  -O2 -c" "EXTRA_COMPILER_FLAGS=-mcpu=cortex-a9 -mfpu=vfpv3 -mfloat-abi=hard -nos
TRACE::2025-12-26.21:59:06::SCWBDomain::tartfiles -g -Wall -Wextra -fno-tree-loop-distribute-patterns"

TRACE::2025-12-26.21:59:06::SCWBDomain::"Running Make include in ps7_cortexa9_0/libsrc/qspips_v3_12/src"

TRACE::2025-12-26.21:59:06::SCWBDomain::make -C ps7_cortexa9_0/libsrc/qspips_v3_12/src -s include  "SHELL=CMD" "COMPILER=arm-none-eabi-gcc" "ASSEMBLER=arm-none-eabi-as
TRACE::2025-12-26.21:59:06::SCWBDomain::" "ARCHIVER=arm-none-eabi-ar" "COMPILER_FLAGS=  -O2 -c" "EXTRA_COMPILER_FLAGS=-mcpu=cortex-a9 -mfpu=vfpv3 -mfloat-abi=hard -nos
TRACE::2025-12-26.21:59:06::SCWBDomain::tartfiles -g -Wall -Wextra -fno-tree-loop-distribute-patterns"

TRACE::2025-12-26.21:59:06::SCWBDomain::"Running Make include in ps7_cortexa9_0/libsrc/scugic_v5_3/src"

TRACE::2025-12-26.21:59:06::SCWBDomain::make -C ps7_cortexa9_0/libsrc/scugic_v5_3/src -s include  "SHELL=CMD" "COMPILER=arm-none-eabi-gcc" "ASSEMBLER=arm-none-eabi-as"
TRACE::2025-12-26.21:59:06::SCWBDomain:: "ARCHIVER=arm-none-eabi-ar" "COMPILER_FLAGS=  -O2 -c" "EXTRA_COMPILER_FLAGS=-mcpu=cortex-a9 -mfpu=vfpv3 -mfloat-abi=hard -nost
TRACE::2025-12-26.21:59:06::SCWBDomain::artfiles -g -Wall -Wextra -fno-tree-loop-distribute-patterns"

TRACE::2025-12-26.21:59:06::SCWBDomain::"Running Make include in ps7_cortexa9_0/libsrc/scutimer_v2_6/src"

TRACE::2025-12-26.21:59:06::SCWBDomain::make -C ps7_cortexa9_0/libsrc/scutimer_v2_6/src -s include  "SHELL=CMD" "COMPILER=arm-none-eabi-gcc" "ASSEMBLER=arm-none-eabi-a
TRACE::2025-12-26.21:59:06::SCWBDomain::s" "ARCHIVER=arm-none-eabi-ar" "COMPILER_FLAGS=  -O2 -c" "EXTRA_COMPILER_FLAGS=-mcpu=cortex-a9 -mfpu=vfpv3 -mfloat-abi=hard -no
TRACE::2025-12-26.21:59:06::SCWBDomain::startfiles -g -Wall -Wextra -fno-tree-loop-distribute-patterns"

TRACE::2025-12-26.21:59:06::SCWBDomain::"Running Make include in ps7_cortexa9_0/libsrc/scuwdt_v2_5/src"

TRACE::2025-12-26.21:59:06::SCWBDomain::make -C ps7_cortexa9_0/libsrc/scuwdt_v2_5/src -s include  "SHELL=CMD" "COMPILER=arm-none-eabi-gcc" "ASSEMBLER=arm-none-eabi-as"
TRACE::2025-12-26.21:59:06::SCWBDomain:: "ARCHIVER=arm-none-eabi-ar" "COMPILER_FLAGS=  -O2 -c" "EXTRA_COMPILER_FLAGS=-mcpu=cortex-a9 -mfpu=vfpv3 -mfloat-abi=hard -nost
TRACE::2025-12-26.21:59:06::SCWBDomain::artfiles -g -Wall -Wextra -fno-tree-loop-distribute-patterns"

TRACE::2025-12-26.21:59:06::SCWBDomain::"Running Make include in ps7_cortexa9_0/libsrc/sdps_v4_3/src"

TRACE::2025-12-26.21:59:06::SCWBDomain::make -C ps7_cortexa9_0/libsrc/sdps_v4_3/src -s include  "SHELL=CMD" "COMPILER=arm-none-eabi-gcc" "ASSEMBLER=arm-none-eabi-as" "
TRACE::2025-12-26.21:59:06::SCWBDomain::ARCHIVER=arm-none-eabi-ar" "COMPILER_FLAGS=  -O2 -c" "EXTRA_COMPILER_FLAGS=-mcpu=cortex-a9 -mfpu=vfpv3 -mfloat-abi=hard -nostar
TRACE::2025-12-26.21:59:06::SCWBDomain::tfiles -g -Wall -Wextra -fno-tree-loop-distribute-patterns"

TRACE::2025-12-26.21:59:06::SCWBDomain::"Running Make include in ps7_cortexa9_0/libsrc/standalone_v9_1/src"

TRACE::2025-12-26.21:59:06::SCWBDomain::make -C ps7_cortexa9_0/libsrc/standalone_v9_1/src -s include  "SHELL=CMD" "COMPILER=arm-none-eabi-gcc" "ASSEMBLER=arm-none-eabi
TRACE::2025-12-26.21:59:06::SCWBDomain::-as" "ARCHIVER=arm-none-eabi-ar" "COMPILER_FLAGS=  -O2 -c" "EXTRA_COMPILER_FLAGS=-mcpu=cortex-a9 -mfpu=vfpv3 -mfloat-abi=hard -
TRACE::2025-12-26.21:59:06::SCWBDomain::nostartfiles -g -Wall -Wextra -fno-tree-loop-distribute-patterns"

TRACE::2025-12-26.21:59:06::SCWBDomain::"Running Make include in ps7_cortexa9_0/libsrc/uartps_v3_14/src"

TRACE::2025-12-26.21:59:06::SCWBDomain::make -C ps7_cortexa9_0/libsrc/uartps_v3_14/src -s include  "SHELL=CMD" "COMPILER=arm-none-eabi-gcc" "ASSEMBLER=arm-none-eabi-as
TRACE::2025-12-26.21:59:06::SCWBDomain::" "ARCHIVER=arm-none-eabi-ar" "COMPILER_FLAGS=  -O2 -c" "EXTRA_COMPILER_FLAGS=-mcpu=cortex-a9 -mfpu=vfpv3 -mfloat-abi=hard -nos
TRACE::2025-12-26.21:59:06::SCWBDomain::tartfiles -g -Wall -Wextra -fno-tree-loop-distribute-patterns"

TRACE::2025-12-26.21:59:06::SCWBDomain::"Running Make include in ps7_cortexa9_0/libsrc/usbps_v2_9/src"

TRACE::2025-12-26.21:59:06::SCWBDomain::make -C ps7_cortexa9_0/libsrc/usbps_v2_9/src -s include  "SHELL=CMD" "COMPILER=arm-none-eabi-gcc" "ASSEMBLER=arm-none-eabi-as" 
TRACE::2025-12-26.21:59:06::SCWBDomain::"ARCHIVER=arm-none-eabi-ar" "COMPILER_FLAGS=  -O2 -c" "EXTRA_COMPILER_FLAGS=-mcpu=cortex-a9 -mfpu=vfpv3 -mfloat-abi=hard -nosta
TRACE::2025-12-26.21:59:06::SCWBDomain::rtfiles -g -Wall -Wextra -fno-tree-loop-distribute-patterns"

TRACE::2025-12-26.21:59:06::SCWBDomain::"Running Make include in ps7_cortexa9_0/libsrc/xadcps_v2_7/src"

TRACE::2025-12-26.21:59:06::SCWBDomain::make -C ps7_cortexa9_0/libsrc/xadcps_v2_7/src -s include  "SHELL=CMD" "COMPILER=arm-none-eabi-gcc" "ASSEMBLER=arm-none-eabi-as"
TRACE::2025-12-26.21:59:06::SCWBDomain:: "ARCHIVER=arm-none-eabi-ar" "COMPILER_FLAGS=  -O2 -c" "EXTRA_COMPILER_FLAGS=-mcpu=cortex-a9 -mfpu=vfpv3 -mfloat-abi=hard -nost
TRACE::2025-12-26.21:59:06::SCWBDomain::artfiles -g -Wall -Wextra -fno-tree-loop-distribute-patterns"

TRACE::2025-12-26.21:59:06::SCWBDomain::"Running Make include in ps7_cortexa9_0/libsrc/xilffs_v5_2/src"

TRACE::2025-12-26.21:59:06::SCWBDomain::make -C ps7_cortexa9_0/libsrc/xilffs_v5_2/src -s include  "SHELL=CMD" "COMPILER=arm-none-eabi-gcc" "ASSEMBLER=arm-none-eabi-as"
TRACE::2025-12-26.21:59:06::SCWBDomain:: "ARCHIVER=arm-none-eabi-ar" "COMPILER_FLAGS=  -O2 -c" "EXTRA_COMPILER_FLAGS=-mcpu=cortex-a9 -mfpu=vfpv3 -mfloat-abi=hard -nost
TRACE::2025-12-26.21:59:06::SCWBDomain::artfiles -g -Wall -Wextra -fno-tree-loop-distribute-patterns"

TRACE::2025-12-26.21:59:06::SCWBDomain::"Running Make include in ps7_cortexa9_0/libsrc/xilrsa_v1_8/src"

TRACE::2025-12-26.21:59:06::SCWBDomain::make -C ps7_cortexa9_0/libsrc/xilrsa_v1_8/src -s include  "SHELL=CMD" "COMPILER=arm-none-eabi-gcc" "ASSEMBLER=arm-none-eabi-as"
TRACE::2025-12-26.21:59:06::SCWBDomain:: "ARCHIVER=arm-none-eabi-ar" "COMPILER_FLAGS=  -O2 -c" "EXTRA_COMPILER_FLAGS=-mcpu=cortex-a9 -mfpu=vfpv3 -mfloat-abi=hard -nost
TRACE::2025-12-26.21:59:06::SCWBDomain::artfiles -g -Wall -Wextra -fno-tree-loop-distribute-patterns"

TRACE::2025-12-26.21:59:06::SCWBDomain::"Running Make libs in ps7_cortexa9_0/libsrc/axivdma_v6_15/src"

TRACE::2025-12-26.21:59:06::SCWBDomain::make -C ps7_cortexa9_0/libsrc/axivdma_v6_15/src -s libs  "SHELL=CMD" "COMPILER=arm-none-eabi-gcc" "ASSEMBLER=arm-none-eabi-as" 
TRACE::2025-12-26.21:59:06::SCWBDomain::"ARCHIVER=arm-none-eabi-ar" "COMPILER_FLAGS=  -O2 -c" "EXTRA_COMPILER_FLAGS=-mcpu=cortex-a9 -mfpu=vfpv3 -mfloat-abi=hard -nosta
TRACE::2025-12-26.21:59:06::SCWBDomain::rtfiles -g -Wall -Wextra -fno-tree-loop-distribute-patterns"

TRACE::2025-12-26.21:59:06::SCWBDomain::"Running Make libs in ps7_cortexa9_0/libsrc/coresightps_dcc_v1_10/src"

TRACE::2025-12-26.21:59:06::SCWBDomain::make -C ps7_cortexa9_0/libsrc/coresightps_dcc_v1_10/src -s libs  "SHELL=CMD" "COMPILER=arm-none-eabi-gcc" "ASSEMBLER=arm-none-e
TRACE::2025-12-26.21:59:06::SCWBDomain::abi-as" "ARCHIVER=arm-none-eabi-ar" "COMPILER_FLAGS=  -O2 -c" "EXTRA_COMPILER_FLAGS=-mcpu=cortex-a9 -mfpu=vfpv3 -mfloat-abi=har
TRACE::2025-12-26.21:59:06::SCWBDomain::d -nostartfiles -g -Wall -Wextra -fno-tree-loop-distribute-patterns"

TRACE::2025-12-26.21:59:06::SCWBDomain::"Running Make libs in ps7_cortexa9_0/libsrc/cpu_cortexa9_v2_12/src"

TRACE::2025-12-26.21:59:07::SCWBDomain::make -C ps7_cortexa9_0/libsrc/cpu_cortexa9_v2_12/src -s libs  "SHELL=CMD" "COMPILER=arm-none-eabi-gcc" "ASSEMBLER=arm-none-eabi
TRACE::2025-12-26.21:59:07::SCWBDomain::-as" "ARCHIVER=arm-none-eabi-ar" "COMPILER_FLAGS=  -O2 -c" "EXTRA_COMPILER_FLAGS=-mcpu=cortex-a9 -mfpu=vfpv3 -mfloat-abi=hard -
TRACE::2025-12-26.21:59:07::SCWBDomain::nostartfiles -g -Wall -Wextra -fno-tree-loop-distribute-patterns"

TRACE::2025-12-26.21:59:07::SCWBDomain::"Running Make libs in ps7_cortexa9_0/libsrc/ddrps_v1_2/src"

TRACE::2025-12-26.21:59:07::SCWBDomain::make -C ps7_cortexa9_0/libsrc/ddrps_v1_2/src -s libs  "SHELL=CMD" "COMPILER=arm-none-eabi-gcc" "ASSEMBLER=arm-none-eabi-as" "AR
TRACE::2025-12-26.21:59:07::SCWBDomain::CHIVER=arm-none-eabi-ar" "COMPILER_FLAGS=  -O2 -c" "EXTRA_COMPILER_FLAGS=-mcpu=cortex-a9 -mfpu=vfpv3 -mfloat-abi=hard -nostartf
TRACE::2025-12-26.21:59:07::SCWBDomain::iles -g -Wall -Wextra -fno-tree-loop-distribute-patterns"

TRACE::2025-12-26.21:59:07::SCWBDomain::"Running Make libs in ps7_cortexa9_0/libsrc/devcfg_v3_8/src"

TRACE::2025-12-26.21:59:07::SCWBDomain::make -C ps7_cortexa9_0/libsrc/devcfg_v3_8/src -s libs  "SHELL=CMD" "COMPILER=arm-none-eabi-gcc" "ASSEMBLER=arm-none-eabi-as" "A
TRACE::2025-12-26.21:59:07::SCWBDomain::RCHIVER=arm-none-eabi-ar" "COMPILER_FLAGS=  -O2 -c" "EXTRA_COMPILER_FLAGS=-mcpu=cortex-a9 -mfpu=vfpv3 -mfloat-abi=hard -nostart
TRACE::2025-12-26.21:59:07::SCWBDomain::files -g -Wall -Wextra -fno-tree-loop-distribute-patterns"

TRACE::2025-12-26.21:59:07::SCWBDomain::"Running Make libs in ps7_cortexa9_0/libsrc/dmaps_v2_10/src"

TRACE::2025-12-26.21:59:07::SCWBDomain::make -C ps7_cortexa9_0/libsrc/dmaps_v2_10/src -s libs  "SHELL=CMD" "COMPILER=arm-none-eabi-gcc" "ASSEMBLER=arm-none-eabi-as" "A
TRACE::2025-12-26.21:59:07::SCWBDomain::RCHIVER=arm-none-eabi-ar" "COMPILER_FLAGS=  -O2 -c" "EXTRA_COMPILER_FLAGS=-mcpu=cortex-a9 -mfpu=vfpv3 -mfloat-abi=hard -nostart
TRACE::2025-12-26.21:59:07::SCWBDomain::files -g -Wall -Wextra -fno-tree-loop-distribute-patterns"

TRACE::2025-12-26.21:59:07::SCWBDomain::"Running Make libs in ps7_cortexa9_0/libsrc/emacps_v3_20/src"

TRACE::2025-12-26.21:59:07::SCWBDomain::make -C ps7_cortexa9_0/libsrc/emacps_v3_20/src -s libs  "SHELL=CMD" "COMPILER=arm-none-eabi-gcc" "ASSEMBLER=arm-none-eabi-as" "
TRACE::2025-12-26.21:59:07::SCWBDomain::ARCHIVER=arm-none-eabi-ar" "COMPILER_FLAGS=  -O2 -c" "EXTRA_COMPILER_FLAGS=-mcpu=cortex-a9 -mfpu=vfpv3 -mfloat-abi=hard -nostar
TRACE::2025-12-26.21:59:07::SCWBDomain::tfiles -g -Wall -Wextra -fno-tree-loop-distribute-patterns"

TRACE::2025-12-26.21:59:07::SCWBDomain::"Running Make libs in ps7_cortexa9_0/libsrc/gpiops_v3_13/src"

TRACE::2025-12-26.21:59:07::SCWBDomain::make -C ps7_cortexa9_0/libsrc/gpiops_v3_13/src -s libs  "SHELL=CMD" "COMPILER=arm-none-eabi-gcc" "ASSEMBLER=arm-none-eabi-as" "
TRACE::2025-12-26.21:59:07::SCWBDomain::ARCHIVER=arm-none-eabi-ar" "COMPILER_FLAGS=  -O2 -c" "EXTRA_COMPILER_FLAGS=-mcpu=cortex-a9 -mfpu=vfpv3 -mfloat-abi=hard -nostar
TRACE::2025-12-26.21:59:07::SCWBDomain::tfiles -g -Wall -Wextra -fno-tree-loop-distribute-patterns"

TRACE::2025-12-26.21:59:07::SCWBDomain::"Running Make libs in ps7_cortexa9_0/libsrc/qspips_v3_12/src"

TRACE::2025-12-26.21:59:07::SCWBDomain::make -C ps7_cortexa9_0/libsrc/qspips_v3_12/src -s libs  "SHELL=CMD" "COMPILER=arm-none-eabi-gcc" "ASSEMBLER=arm-none-eabi-as" "
TRACE::2025-12-26.21:59:07::SCWBDomain::ARCHIVER=arm-none-eabi-ar" "COMPILER_FLAGS=  -O2 -c" "EXTRA_COMPILER_FLAGS=-mcpu=cortex-a9 -mfpu=vfpv3 -mfloat-abi=hard -nostar
TRACE::2025-12-26.21:59:07::SCWBDomain::tfiles -g -Wall -Wextra -fno-tree-loop-distribute-patterns"

TRACE::2025-12-26.21:59:08::SCWBDomain::"Running Make libs in ps7_cortexa9_0/libsrc/scugic_v5_3/src"

TRACE::2025-12-26.21:59:08::SCWBDomain::make -C ps7_cortexa9_0/libsrc/scugic_v5_3/src -s libs  "SHELL=CMD" "COMPILER=arm-none-eabi-gcc" "ASSEMBLER=arm-none-eabi-as" "A
TRACE::2025-12-26.21:59:08::SCWBDomain::RCHIVER=arm-none-eabi-ar" "COMPILER_FLAGS=  -O2 -c" "EXTRA_COMPILER_FLAGS=-mcpu=cortex-a9 -mfpu=vfpv3 -mfloat-abi=hard -nostart
TRACE::2025-12-26.21:59:08::SCWBDomain::files -g -Wall -Wextra -fno-tree-loop-distribute-patterns"

TRACE::2025-12-26.21:59:08::SCWBDomain::"Running Make libs in ps7_cortexa9_0/libsrc/scutimer_v2_6/src"

TRACE::2025-12-26.21:59:08::SCWBDomain::make -C ps7_cortexa9_0/libsrc/scutimer_v2_6/src -s libs  "SHELL=CMD" "COMPILER=arm-none-eabi-gcc" "ASSEMBLER=arm-none-eabi-as" 
TRACE::2025-12-26.21:59:08::SCWBDomain::"ARCHIVER=arm-none-eabi-ar" "COMPILER_FLAGS=  -O2 -c" "EXTRA_COMPILER_FLAGS=-mcpu=cortex-a9 -mfpu=vfpv3 -mfloat-abi=hard -nosta
TRACE::2025-12-26.21:59:08::SCWBDomain::rtfiles -g -Wall -Wextra -fno-tree-loop-distribute-patterns"

TRACE::2025-12-26.21:59:09::SCWBDomain::"Running Make libs in ps7_cortexa9_0/libsrc/scuwdt_v2_5/src"

TRACE::2025-12-26.21:59:09::SCWBDomain::make -C ps7_cortexa9_0/libsrc/scuwdt_v2_5/src -s libs  "SHELL=CMD" "COMPILER=arm-none-eabi-gcc" "ASSEMBLER=arm-none-eabi-as" "A
TRACE::2025-12-26.21:59:09::SCWBDomain::RCHIVER=arm-none-eabi-ar" "COMPILER_FLAGS=  -O2 -c" "EXTRA_COMPILER_FLAGS=-mcpu=cortex-a9 -mfpu=vfpv3 -mfloat-abi=hard -nostart
TRACE::2025-12-26.21:59:09::SCWBDomain::files -g -Wall -Wextra -fno-tree-loop-distribute-patterns"

TRACE::2025-12-26.21:59:09::SCWBDomain::"Running Make libs in ps7_cortexa9_0/libsrc/sdps_v4_3/src"

TRACE::2025-12-26.21:59:09::SCWBDomain::make -C ps7_cortexa9_0/libsrc/sdps_v4_3/src -s libs  "SHELL=CMD" "COMPILER=arm-none-eabi-gcc" "ASSEMBLER=arm-none-eabi-as" "ARC
TRACE::2025-12-26.21:59:09::SCWBDomain::HIVER=arm-none-eabi-ar" "COMPILER_FLAGS=  -O2 -c" "EXTRA_COMPILER_FLAGS=-mcpu=cortex-a9 -mfpu=vfpv3 -mfloat-abi=hard -nostartfi
TRACE::2025-12-26.21:59:09::SCWBDomain::les -g -Wall -Wextra -fno-tree-loop-distribute-patterns"

TRACE::2025-12-26.21:59:09::SCWBDomain::"Running Make libs in ps7_cortexa9_0/libsrc/standalone_v9_1/src"

TRACE::2025-12-26.21:59:09::SCWBDomain::make -C ps7_cortexa9_0/libsrc/standalone_v9_1/src -s libs  "SHELL=CMD" "COMPILER=arm-none-eabi-gcc" "ASSEMBLER=arm-none-eabi-as
TRACE::2025-12-26.21:59:09::SCWBDomain::" "ARCHIVER=arm-none-eabi-ar" "COMPILER_FLAGS=  -O2 -c" "EXTRA_COMPILER_FLAGS=-mcpu=cortex-a9 -mfpu=vfpv3 -mfloat-abi=hard -nos
TRACE::2025-12-26.21:59:09::SCWBDomain::tartfiles -g -Wall -Wextra -fno-tree-loop-distribute-patterns"

TRACE::2025-12-26.21:59:09::SCWBDomain::"Running Make libs in ps7_cortexa9_0/libsrc/uartps_v3_14/src"

TRACE::2025-12-26.21:59:09::SCWBDomain::make -C ps7_cortexa9_0/libsrc/uartps_v3_14/src -s libs  "SHELL=CMD" "COMPILER=arm-none-eabi-gcc" "ASSEMBLER=arm-none-eabi-as" "
TRACE::2025-12-26.21:59:09::SCWBDomain::ARCHIVER=arm-none-eabi-ar" "COMPILER_FLAGS=  -O2 -c" "EXTRA_COMPILER_FLAGS=-mcpu=cortex-a9 -mfpu=vfpv3 -mfloat-abi=hard -nostar
TRACE::2025-12-26.21:59:09::SCWBDomain::tfiles -g -Wall -Wextra -fno-tree-loop-distribute-patterns"

TRACE::2025-12-26.21:59:09::SCWBDomain::"Running Make libs in ps7_cortexa9_0/libsrc/usbps_v2_9/src"

TRACE::2025-12-26.21:59:09::SCWBDomain::make -C ps7_cortexa9_0/libsrc/usbps_v2_9/src -s libs  "SHELL=CMD" "COMPILER=arm-none-eabi-gcc" "ASSEMBLER=arm-none-eabi-as" "AR
TRACE::2025-12-26.21:59:09::SCWBDomain::CHIVER=arm-none-eabi-ar" "COMPILER_FLAGS=  -O2 -c" "EXTRA_COMPILER_FLAGS=-mcpu=cortex-a9 -mfpu=vfpv3 -mfloat-abi=hard -nostartf
TRACE::2025-12-26.21:59:09::SCWBDomain::iles -g -Wall -Wextra -fno-tree-loop-distribute-patterns"

TRACE::2025-12-26.21:59:09::SCWBDomain::"Running Make libs in ps7_cortexa9_0/libsrc/xadcps_v2_7/src"

TRACE::2025-12-26.21:59:09::SCWBDomain::make -C ps7_cortexa9_0/libsrc/xadcps_v2_7/src -s libs  "SHELL=CMD" "COMPILER=arm-none-eabi-gcc" "ASSEMBLER=arm-none-eabi-as" "A
TRACE::2025-12-26.21:59:09::SCWBDomain::RCHIVER=arm-none-eabi-ar" "COMPILER_FLAGS=  -O2 -c" "EXTRA_COMPILER_FLAGS=-mcpu=cortex-a9 -mfpu=vfpv3 -mfloat-abi=hard -nostart
TRACE::2025-12-26.21:59:09::SCWBDomain::files -g -Wall -Wextra -fno-tree-loop-distribute-patterns"

TRACE::2025-12-26.21:59:10::SCWBDomain::"Running Make libs in ps7_cortexa9_0/libsrc/xilffs_v5_2/src"

TRACE::2025-12-26.21:59:10::SCWBDomain::make -C ps7_cortexa9_0/libsrc/xilffs_v5_2/src -s libs  "SHELL=CMD" "COMPILER=arm-none-eabi-gcc" "ASSEMBLER=arm-none-eabi-as" "A
TRACE::2025-12-26.21:59:10::SCWBDomain::RCHIVER=arm-none-eabi-ar" "COMPILER_FLAGS=  -O2 -c" "EXTRA_COMPILER_FLAGS=-mcpu=cortex-a9 -mfpu=vfpv3 -mfloat-abi=hard -nostart
TRACE::2025-12-26.21:59:10::SCWBDomain::files -g -Wall -Wextra -fno-tree-loop-distribute-patterns"

TRACE::2025-12-26.21:59:13::SCWBDomain::'Finished building libraries parallelly.'

TRACE::2025-12-26.21:59:13::SCWBDomain::make --no-print-directory archive

TRACE::2025-12-26.21:59:13::SCWBDomain::arm-none-eabi-ar -r  ps7_cortexa9_0/lib/libxil.a ps7_cortexa9_0/lib/_exit.o ps7_cortexa9_0/lib/_open.o ps7_cortexa9_0/lib/_sbrk
TRACE::2025-12-26.21:59:13::SCWBDomain::.o ps7_cortexa9_0/lib/abort.o ps7_cortexa9_0/lib/asm_vectors.o ps7_cortexa9_0/lib/boot.o ps7_cortexa9_0/lib/close.o ps7_cortexa
TRACE::2025-12-26.21:59:13::SCWBDomain::9_0/lib/cpputest_time.o ps7_cortexa9_0/lib/cpu_init.o ps7_cortexa9_0/lib/errno.o ps7_cortexa9_0/lib/fcntl.o ps7_cortexa9_0/lib/
TRACE::2025-12-26.21:59:13::SCWBDomain::fstat.o ps7_cortexa9_0/lib/getentropy.o ps7_cortexa9_0/lib/getpid.o ps7_cortexa9_0/lib/inbyte.o ps7_cortexa9_0/lib/isatty.o ps7
TRACE::2025-12-26.21:59:13::SCWBDomain::_cortexa9_0/lib/kill.o ps7_cortexa9_0/lib/lseek.o ps7_cortexa9_0/lib/open.o ps7_cortexa9_0/lib/outbyte.o ps7_cortexa9_0/lib/pri
TRACE::2025-12-26.21:59:13::SCWBDomain::nt.o ps7_cortexa9_0/lib/putnum.o ps7_cortexa9_0/lib/read.o ps7_cortexa9_0/lib/sbrk.o ps7_cortexa9_0/lib/sleep.o ps7_cortexa9_0/
TRACE::2025-12-26.21:59:13::SCWBDomain::lib/time.o ps7_cortexa9_0/lib/translation_table.o ps7_cortexa9_0/lib/unlink.o ps7_cortexa9_0/lib/usleep.o ps7_cortexa9_0/lib/ve
TRACE::2025-12-26.21:59:13::SCWBDomain::ctors.o ps7_cortexa9_0/lib/write.o ps7_cortexa9_0/lib/xadcps.o ps7_cortexa9_0/lib/xadcps_g.o ps7_cortexa9_0/lib/xadcps_intr.o p
TRACE::2025-12-26.21:59:13::SCWBDomain::s7_cortexa9_0/lib/xadcps_selftest.o ps7_cortexa9_0/lib/xadcps_sinit.o ps7_cortexa9_0/lib/xaxivdma.o ps7_cortexa9_0/lib/xaxivdma
TRACE::2025-12-26.21:59:13::SCWBDomain::_channel.o ps7_cortexa9_0/lib/xaxivdma_g.o ps7_cortexa9_0/lib/xaxivdma_intr.o ps7_cortexa9_0/lib/xaxivdma_selftest.o ps7_cortex
TRACE::2025-12-26.21:59:13::SCWBDomain::a9_0/lib/xaxivdma_sinit.o ps7_cortexa9_0/lib/xcoresightpsdcc.o ps7_cortexa9_0/lib/xdevcfg.o ps7_cortexa9_0/lib/xdevcfg_g.o ps7_
TRACE::2025-12-26.21:59:13::SCWBDomain::cortexa9_0/lib/xdevcfg_hw.o ps7_cortexa9_0/lib/xdevcfg_intr.o ps7_cortexa9_0/lib/xdevcfg_selftest.o ps7_cortexa9_0/lib/xdevcfg_
TRACE::2025-12-26.21:59:13::SCWBDomain::sinit.o ps7_cortexa9_0/lib/xdmaps.o ps7_cortexa9_0/lib/xdmaps_g.o ps7_cortexa9_0/lib/xdmaps_hw.o ps7_cortexa9_0/lib/xdmaps_self
TRACE::2025-12-26.21:59:13::SCWBDomain::test.o ps7_cortexa9_0/lib/xdmaps_sinit.o ps7_cortexa9_0/lib/xemacps.o ps7_cortexa9_0/lib/xemacps_bdring.o ps7_cortexa9_0/lib/xe
TRACE::2025-12-26.21:59:13::SCWBDomain::macps_control.o ps7_cortexa9_0/lib/xemacps_g.o ps7_cortexa9_0/lib/xemacps_hw.o ps7_cortexa9_0/lib/xemacps_intr.o ps7_cortexa9_0
TRACE::2025-12-26.21:59:13::SCWBDomain::/lib/xemacps_sinit.o ps7_cortexa9_0/lib/xgpiops.o ps7_cortexa9_0/lib/xgpiops_g.o ps7_cortexa9_0/lib/xgpiops_hw.o ps7_cortexa9_0
TRACE::2025-12-26.21:59:13::SCWBDomain::/lib/xgpiops_intr.o ps7_cortexa9_0/lib/xgpiops_selftest.o ps7_cortexa9_0/lib/xgpiops_sinit.o ps7_cortexa9_0/lib/xil-crt0.o ps7_
TRACE::2025-12-26.21:59:13::SCWBDomain::cortexa9_0/lib/xil_assert.o ps7_cortexa9_0/lib/xil_cache.o ps7_cortexa9_0/lib/xil_clocking.o ps7_cortexa9_0/lib/xil_exception.o
TRACE::2025-12-26.21:59:13::SCWBDomain:: ps7_cortexa9_0/lib/xil_mem.o ps7_cortexa9_0/lib/xil_misc_psreset_api.o ps7_cortexa9_0/lib/xil_mmu.o ps7_cortexa9_0/lib/xil_pri
TRACE::2025-12-26.21:59:13::SCWBDomain::ntf.o ps7_cortexa9_0/lib/xil_sleepcommon.o ps7_cortexa9_0/lib/xil_sleeptimer.o ps7_cortexa9_0/lib/xil_spinlock.o ps7_cortexa9_0
TRACE::2025-12-26.21:59:13::SCWBDomain::/lib/xil_testcache.o ps7_cortexa9_0/lib/xil_testio.o ps7_cortexa9_0/lib/xil_testmem.o ps7_cortexa9_0/lib/xil_util.o ps7_cortexa
TRACE::2025-12-26.21:59:13::SCWBDomain::9_0/lib/xinterrupt_wrap.o ps7_cortexa9_0/lib/xl2cc_counter.o ps7_cortexa9_0/lib/xplatform_info.o ps7_cortexa9_0/lib/xpm_counter
TRACE::2025-12-26.21:59:13::SCWBDomain::.o ps7_cortexa9_0/lib/xpm_init.o ps7_cortexa9_0/lib/xqspips.o ps7_cortexa9_0/lib/xqspips_g.o ps7_cortexa9_0/lib/xqspips_hw.o ps
TRACE::2025-12-26.21:59:13::SCWBDomain::7_cortexa9_0/lib/xqspips_options.o ps7_cortexa9_0/lib/xqspips_selftest.o ps7_cortexa9_0/lib/xqspips_sinit.o ps7_cortexa9_0/lib/
TRACE::2025-12-26.21:59:13::SCWBDomain::xscugic.o ps7_cortexa9_0/lib/xscugic_g.o ps7_cortexa9_0/lib/xscugic_hw.o ps7_cortexa9_0/lib/xscugic_intr.o ps7_cortexa9_0/lib/x
TRACE::2025-12-26.21:59:13::SCWBDomain::scugic_selftest.o ps7_cortexa9_0/lib/xscugic_sinit.o ps7_cortexa9_0/lib/xscutimer.o ps7_cortexa9_0/lib/xscutimer_g.o ps7_cortex
TRACE::2025-12-26.21:59:13::SCWBDomain::a9_0/lib/xscutimer_selftest.o ps7_cortexa9_0/lib/xscutimer_sinit.o ps7_cortexa9_0/lib/xscuwdt.o ps7_cortexa9_0/lib/xscuwdt_g.o 
TRACE::2025-12-26.21:59:13::SCWBDomain::ps7_cortexa9_0/lib/xscuwdt_selftest.o ps7_cortexa9_0/lib/xscuwdt_sinit.o ps7_cortexa9_0/lib/xsdps.o ps7_cortexa9_0/lib/xsdps_ca
TRACE::2025-12-26.21:59:13::SCWBDomain::rd.o ps7_cortexa9_0/lib/xsdps_g.o ps7_cortexa9_0/lib/xsdps_host.o ps7_cortexa9_0/lib/xsdps_options.o ps7_cortexa9_0/lib/xsdps_s
TRACE::2025-12-26.21:59:13::SCWBDomain::init.o ps7_cortexa9_0/lib/xtime_l.o ps7_cortexa9_0/lib/xuartps.o ps7_cortexa9_0/lib/xuartps_g.o ps7_cortexa9_0/lib/xuartps_hw.o
TRACE::2025-12-26.21:59:13::SCWBDomain:: ps7_cortexa9_0/lib/xuartps_intr.o ps7_cortexa9_0/lib/xuartps_options.o ps7_cortexa9_0/lib/xuartps_selftest.o ps7_cortexa9_0/li
TRACE::2025-12-26.21:59:13::SCWBDomain::b/xuartps_sinit.o ps7_cortexa9_0/lib/xusbps.o ps7_cortexa9_0/lib/xusbps_endpoint.o ps7_cortexa9_0/lib/xusbps_g.o ps7_cortexa9_0
TRACE::2025-12-26.21:59:13::SCWBDomain::/lib/xusbps_hw.o ps7_cortexa9_0/lib/xusbps_intr.o ps7_cortexa9_0/lib/xusbps_sinit.o

TRACE::2025-12-26.21:59:14::SCWBDomain::'Finished building libraries'

TRACE::2025-12-26.21:59:14::SCWBDomain::make: Leaving directory 'C:/Users/12302093/AppData/Roaming/Xilinx/Vivado/myproj/Vitis4/hdmi_vdma/zynq_fsbl/zynq_fsbl_bsp'

TRACE::2025-12-26.21:59:14::SCWBDomain::arm-none-eabi-gcc  -O2 -c -MMD -MP       -mcpu=cortex-a9 -mfpu=vfpv3 -mfloat-abi=hard  -c sd.c -o sd.o -Izynq_fsbl_bsp/ps7_cort
TRACE::2025-12-26.21:59:14::SCWBDomain::exa9_0/include -I.

TRACE::2025-12-26.21:59:14::SCWBDomain::arm-none-eabi-gcc  -O2 -c -MMD -MP       -mcpu=cortex-a9 -mfpu=vfpv3 -mfloat-abi=hard  -c nand.c -o nand.o -Izynq_fsbl_bsp/ps7_
TRACE::2025-12-26.21:59:14::SCWBDomain::cortexa9_0/include -I.

TRACE::2025-12-26.21:59:14::SCWBDomain::arm-none-eabi-gcc  -O2 -c -MMD -MP       -mcpu=cortex-a9 -mfpu=vfpv3 -mfloat-abi=hard  -c nor.c -o nor.o -Izynq_fsbl_bsp/ps7_co
TRACE::2025-12-26.21:59:14::SCWBDomain::rtexa9_0/include -I.

TRACE::2025-12-26.21:59:14::SCWBDomain::arm-none-eabi-gcc  -O2 -c -MMD -MP       -mcpu=cortex-a9 -mfpu=vfpv3 -mfloat-abi=hard  -c image_mover.c -o image_mover.o -Izynq
TRACE::2025-12-26.21:59:14::SCWBDomain::_fsbl_bsp/ps7_cortexa9_0/include -I.

TRACE::2025-12-26.21:59:15::SCWBDomain::arm-none-eabi-gcc  -O2 -c -MMD -MP       -mcpu=cortex-a9 -mfpu=vfpv3 -mfloat-abi=hard  -c md5.c -o md5.o -Izynq_fsbl_bsp/ps7_co
TRACE::2025-12-26.21:59:15::SCWBDomain::rtexa9_0/include -I.

TRACE::2025-12-26.21:59:15::SCWBDomain::arm-none-eabi-gcc  -O2 -c -MMD -MP       -mcpu=cortex-a9 -mfpu=vfpv3 -mfloat-abi=hard  -c fsbl_hooks.c -o fsbl_hooks.o -Izynq_f
TRACE::2025-12-26.21:59:15::SCWBDomain::sbl_bsp/ps7_cortexa9_0/include -I.

TRACE::2025-12-26.21:59:15::SCWBDomain::arm-none-eabi-gcc  -O2 -c -MMD -MP       -mcpu=cortex-a9 -mfpu=vfpv3 -mfloat-abi=hard  -c main.c -o main.o -Izynq_fsbl_bsp/ps7_
TRACE::2025-12-26.21:59:15::SCWBDomain::cortexa9_0/include -I.

TRACE::2025-12-26.21:59:15::SCWBDomain::arm-none-eabi-gcc  -O2 -c -MMD -MP       -mcpu=cortex-a9 -mfpu=vfpv3 -mfloat-abi=hard  -c rsa.c -o rsa.o -Izynq_fsbl_bsp/ps7_co
TRACE::2025-12-26.21:59:15::SCWBDomain::rtexa9_0/include -I.

TRACE::2025-12-26.21:59:16::SCWBDomain::arm-none-eabi-gcc  -O2 -c -MMD -MP       -mcpu=cortex-a9 -mfpu=vfpv3 -mfloat-abi=hard  -c qspi.c -o qspi.o -Izynq_fsbl_bsp/ps7_
TRACE::2025-12-26.21:59:16::SCWBDomain::cortexa9_0/include -I.

TRACE::2025-12-26.21:59:16::SCWBDomain::arm-none-eabi-gcc  -O2 -c -MMD -MP       -mcpu=cortex-a9 -mfpu=vfpv3 -mfloat-abi=hard  -c ps7_init.c -o ps7_init.o -Izynq_fsbl_
TRACE::2025-12-26.21:59:16::SCWBDomain::bsp/ps7_cortexa9_0/include -I.

TRACE::2025-12-26.21:59:16::SCWBDomain::arm-none-eabi-gcc  -O2 -c -MMD -MP       -mcpu=cortex-a9 -mfpu=vfpv3 -mfloat-abi=hard  -c pcap.c -o pcap.o -Izynq_fsbl_bsp/ps7_
TRACE::2025-12-26.21:59:16::SCWBDomain::cortexa9_0/include -I.

TRACE::2025-12-26.21:59:16::SCWBDomain::arm-none-eabi-gcc  -O2 -c -MMD -MP       -mcpu=cortex-a9 -mfpu=vfpv3 -mfloat-abi=hard  -c fsbl_handoff.S -o fsbl_handoff.o -Izy
TRACE::2025-12-26.21:59:16::SCWBDomain::nq_fsbl_bsp/ps7_cortexa9_0/include -I.

TRACE::2025-12-26.21:59:16::SCWBDomain::arm-none-eabi-gcc -o fsbl.elf fsbl_handoff.o fsbl_hooks.o image_mover.o main.o md5.o nand.o nor.o pcap.o ps7_init.o qspi.o rsa.
TRACE::2025-12-26.21:59:16::SCWBDomain::o sd.o -MMD -MP       -mcpu=cortex-a9 -mfpu=vfpv3 -mfloat-abi=hard   -mcpu=cortex-a9 -mfpu=vfpv3 -mfloat-abi=hard -Wl,-build-id
TRACE::2025-12-26.21:59:16::SCWBDomain::=none -specs=Xilinx.spec  -lrsa -Wl,--start-group,-lxil,-lgcc,-lc,--end-group -Wl,--start-group,-lxilffs,-lxil,-lgcc,-lc,--end-
TRACE::2025-12-26.21:59:16::SCWBDomain::group -Wl,--start-group,-lrsa,-lxil,-lgcc,-lc,--end-group                                    -Wl,--gc-sections -Lzynq_fsbl_bsp/
TRACE::2025-12-26.21:59:16::SCWBDomain::ps7_cortexa9_0/lib -L./ -Tlscript.ld

LOG::2025-12-26.21:59:17::SCWSystem::Checking the domain freertos10_xilinx_ps7_cortexa9_0
LOG::2025-12-26.21:59:17::SCWSystem::Not a boot domain 
LOG::2025-12-26.21:59:17::SCWSystem::Started Processing the domain freertos10_xilinx_ps7_cortexa9_0
TRACE::2025-12-26.21:59:17::SCWDomain::Generating domain artifcats
TRACE::2025-12-26.21:59:17::SCWMssOS::Generating standalone artifcats
TRACE::2025-12-26.21:59:17::SCWMssOS::Copying the qemu file from  C:/Users/12302093/AppData/Roaming/Xilinx/Vivado/myproj/Vitis4/hdmi_vdma/resources/hdmi_vdma/freertos10_xilinx_ps7_cortexa9_0/qemu_args.txt To C:/Users/12302093/AppData/Roaming/Xilinx/Vivado/myproj/Vitis4/hdmi_vdma/export/hdmi_vdma/sw/hdmi_vdma/qemu/
TRACE::2025-12-26.21:59:17::SCWMssOS::Copying the qemu file from  C:/Users/12302093/AppData/Roaming/Xilinx/Vivado/myproj/Vitis4/hdmi_vdma/resources/hdmi_vdma/freertos10_xilinx_ps7_cortexa9_0/qemu_args.txt To C:/Users/12302093/AppData/Roaming/Xilinx/Vivado/myproj/Vitis4/hdmi_vdma/export/hdmi_vdma/sw/hdmi_vdma/freertos10_xilinx_ps7_cortexa9_0/qemu/
TRACE::2025-12-26.21:59:17::SCWMssOS:: Copying the user libraries. 
TRACE::2025-12-26.21:59:17::SCWPlatform::Trying to open the hw design at C:/Users/12302093/AppData/Roaming/Xilinx/Vivado/myproj/Vitis4/hdmi_vdma/hw/hdmi_vdma.xsa
TRACE::2025-12-26.21:59:17::SCWPlatform::DSA given C:/Users/12302093/AppData/Roaming/Xilinx/Vivado/myproj/Vitis4/hdmi_vdma/hw/hdmi_vdma.xsa
TRACE::2025-12-26.21:59:17::SCWPlatform::DSA absoulate path C:/Users/12302093/AppData/Roaming/Xilinx/Vivado/myproj/Vitis4/hdmi_vdma/hw/hdmi_vdma.xsa
TRACE::2025-12-26.21:59:17::SCWPlatform::DSA directory C:/Users/12302093/AppData/Roaming/Xilinx/Vivado/myproj/Vitis4/hdmi_vdma/hw
TRACE::2025-12-26.21:59:17::SCWPlatform:: Platform Path C:/Users/12302093/AppData/Roaming/Xilinx/Vivado/myproj/Vitis4/hdmi_vdma/hw/hdmi_vdma.xsa
TRACE::2025-12-26.21:59:17::SCWPlatform:: Unique name xilinx:pynq-z2::0.0
TRACE::2025-12-26.21:59:17::SCWPlatform::Trying to set the existing hwdb with name design_1_wrapper_0
TRACE::2025-12-26.21:59:17::SCWPlatform::Opened existing hwdb design_1_wrapper_0
TRACE::2025-12-26.21:59:17::SCWPlatform::Found the Hw Db part of the input DSA
TRACE::2025-12-26.21:59:17::SCWMssOS::Checking the sw design at  C:/Users/12302093/AppData/Roaming/Xilinx/Vivado/myproj/Vitis4/hdmi_vdma/ps7_cortexa9_0/freertos10_xilinx_ps7_cortexa9_0/bsp/system.mss
TRACE::2025-12-26.21:59:17::SCWMssOS::DEBUG:  swdes dump  C:/Users/12302093/AppData/Roaming/Xilinx/Vivado/myproj/Vitis4/hdmi_vdma/ps7_cortexa9_0/freertos10_xilinx_ps7_cortexa9_0/bsp/system.mss|system_0||
C:/Users/12302093/AppData/Roaming/Xilinx/Vivado/myproj/Vitis4/hdmi_vdma/zynq_fsbl/zynq_fsbl_bsp/system.mss|system||

TRACE::2025-12-26.21:59:17::SCWMssOS::Sw design exists and opened at  C:/Users/12302093/AppData/Roaming/Xilinx/Vivado/myproj/Vitis4/hdmi_vdma/ps7_cortexa9_0/freertos10_xilinx_ps7_cortexa9_0/bsp/system.mss
TRACE::2025-12-26.21:59:17::SCWMssOS::Completed writing the mss file at C:/Users/12302093/AppData/Roaming/Xilinx/Vivado/myproj/Vitis4/hdmi_vdma/ps7_cortexa9_0/freertos10_xilinx_ps7_cortexa9_0/bsp
TRACE::2025-12-26.21:59:17::SCWMssOS::Mss edits present, copying mssfile into export location C:/Users/12302093/AppData/Roaming/Xilinx/Vivado/myproj/Vitis4/hdmi_vdma/ps7_cortexa9_0/freertos10_xilinx_ps7_cortexa9_0/bsp/system.mss
TRACE::2025-12-26.21:59:17::SCWMssOS::bsp generated is upto date with the mss file. Skipping bsp generation.
TRACE::2025-12-26.21:59:17::SCWMssOS::BSP is already built. skipping the bsp build ... 
TRACE::2025-12-26.21:59:17::SCWDomain::Building the domain as part of full build :  freertos10_xilinx_ps7_cortexa9_0
TRACE::2025-12-26.21:59:17::SCWMssOS::doing bsp build ... 
TRACE::2025-12-26.21:59:17::SCWMssOS::System Command Ran  C: & cd  C:/Users/12302093/AppData/Roaming/Xilinx/Vivado/myproj/Vitis4/hdmi_vdma/ps7_cortexa9_0/freertos10_xilinx_ps7_cortexa9_0/bsp & make 
TRACE::2025-12-26.21:59:17::SCWMssOS::make --no-print-directory seq_libs

TRACE::2025-12-26.21:59:17::SCWMssOS::"Running Make include in ps7_cortexa9_0/libsrc/axivdma_v6_15/src"

TRACE::2025-12-26.21:59:17::SCWMssOS::make -C ps7_cortexa9_0/libsrc/axivdma_v6_15/src -s include  "SHELL=CMD" "COMPILER=arm-none-eabi-gcc" "ASSEMBLER=arm-none-eabi-a
TRACE::2025-12-26.21:59:17::SCWMssOS::s" "ARCHIVER=arm-none-eabi-ar" "COMPILER_FLAGS=  -O2 -c" "EXTRA_COMPILER_FLAGS=-mcpu=cortex-a9 -mfpu=vfpv3 -mfloat-abi=hard -no
TRACE::2025-12-26.21:59:17::SCWMssOS::startfiles -g -Wall -Wextra -fno-tree-loop-distribute-patterns"

TRACE::2025-12-26.21:59:17::SCWMssOS::"Running Make include in ps7_cortexa9_0/libsrc/coresightps_dcc_v1_10/src"

TRACE::2025-12-26.21:59:17::SCWMssOS::make -C ps7_cortexa9_0/libsrc/coresightps_dcc_v1_10/src -s include  "SHELL=CMD" "COMPILER=arm-none-eabi-gcc" "ASSEMBLER=arm-non
TRACE::2025-12-26.21:59:17::SCWMssOS::e-eabi-as" "ARCHIVER=arm-none-eabi-ar" "COMPILER_FLAGS=  -O2 -c" "EXTRA_COMPILER_FLAGS=-mcpu=cortex-a9 -mfpu=vfpv3 -mfloat-abi=
TRACE::2025-12-26.21:59:17::SCWMssOS::hard -nostartfiles -g -Wall -Wextra -fno-tree-loop-distribute-patterns"

TRACE::2025-12-26.21:59:17::SCWMssOS::"Running Make include in ps7_cortexa9_0/libsrc/cpu_cortexa9_v2_12/src"

TRACE::2025-12-26.21:59:17::SCWMssOS::make -C ps7_cortexa9_0/libsrc/cpu_cortexa9_v2_12/src -s include  "SHELL=CMD" "COMPILER=arm-none-eabi-gcc" "ASSEMBLER=arm-none-e
TRACE::2025-12-26.21:59:17::SCWMssOS::abi-as" "ARCHIVER=arm-none-eabi-ar" "COMPILER_FLAGS=  -O2 -c" "EXTRA_COMPILER_FLAGS=-mcpu=cortex-a9 -mfpu=vfpv3 -mfloat-abi=har
TRACE::2025-12-26.21:59:17::SCWMssOS::d -nostartfiles -g -Wall -Wextra -fno-tree-loop-distribute-patterns"

TRACE::2025-12-26.21:59:17::SCWMssOS::"Running Make include in ps7_cortexa9_0/libsrc/ddrps_v1_2/src"

TRACE::2025-12-26.21:59:17::SCWMssOS::make -C ps7_cortexa9_0/libsrc/ddrps_v1_2/src -s include  "SHELL=CMD" "COMPILER=arm-none-eabi-gcc" "ASSEMBLER=arm-none-eabi-as" 
TRACE::2025-12-26.21:59:17::SCWMssOS::"ARCHIVER=arm-none-eabi-ar" "COMPILER_FLAGS=  -O2 -c" "EXTRA_COMPILER_FLAGS=-mcpu=cortex-a9 -mfpu=vfpv3 -mfloat-abi=hard -nosta
TRACE::2025-12-26.21:59:17::SCWMssOS::rtfiles -g -Wall -Wextra -fno-tree-loop-distribute-patterns"

TRACE::2025-12-26.21:59:17::SCWMssOS::"Running Make include in ps7_cortexa9_0/libsrc/devcfg_v3_8/src"

TRACE::2025-12-26.21:59:18::SCWMssOS::make -C ps7_cortexa9_0/libsrc/devcfg_v3_8/src -s include  "SHELL=CMD" "COMPILER=arm-none-eabi-gcc" "ASSEMBLER=arm-none-eabi-as"
TRACE::2025-12-26.21:59:18::SCWMssOS:: "ARCHIVER=arm-none-eabi-ar" "COMPILER_FLAGS=  -O2 -c" "EXTRA_COMPILER_FLAGS=-mcpu=cortex-a9 -mfpu=vfpv3 -mfloat-abi=hard -nost
TRACE::2025-12-26.21:59:18::SCWMssOS::artfiles -g -Wall -Wextra -fno-tree-loop-distribute-patterns"

TRACE::2025-12-26.21:59:18::SCWMssOS::"Running Make include in ps7_cortexa9_0/libsrc/dmaps_v2_10/src"

TRACE::2025-12-26.21:59:18::SCWMssOS::make -C ps7_cortexa9_0/libsrc/dmaps_v2_10/src -s include  "SHELL=CMD" "COMPILER=arm-none-eabi-gcc" "ASSEMBLER=arm-none-eabi-as"
TRACE::2025-12-26.21:59:18::SCWMssOS:: "ARCHIVER=arm-none-eabi-ar" "COMPILER_FLAGS=  -O2 -c" "EXTRA_COMPILER_FLAGS=-mcpu=cortex-a9 -mfpu=vfpv3 -mfloat-abi=hard -nost
TRACE::2025-12-26.21:59:18::SCWMssOS::artfiles -g -Wall -Wextra -fno-tree-loop-distribute-patterns"

TRACE::2025-12-26.21:59:18::SCWMssOS::"Running Make include in ps7_cortexa9_0/libsrc/emacps_v3_20/src"

TRACE::2025-12-26.21:59:18::SCWMssOS::make -C ps7_cortexa9_0/libsrc/emacps_v3_20/src -s include  "SHELL=CMD" "COMPILER=arm-none-eabi-gcc" "ASSEMBLER=arm-none-eabi-as
TRACE::2025-12-26.21:59:18::SCWMssOS::" "ARCHIVER=arm-none-eabi-ar" "COMPILER_FLAGS=  -O2 -c" "EXTRA_COMPILER_FLAGS=-mcpu=cortex-a9 -mfpu=vfpv3 -mfloat-abi=hard -nos
TRACE::2025-12-26.21:59:18::SCWMssOS::tartfiles -g -Wall -Wextra -fno-tree-loop-distribute-patterns"

TRACE::2025-12-26.21:59:18::SCWMssOS::"Running Make include in ps7_cortexa9_0/libsrc/freertos10_xilinx_v1_15/src"

TRACE::2025-12-26.21:59:18::SCWMssOS::make -C ps7_cortexa9_0/libsrc/freertos10_xilinx_v1_15/src -s include  "SHELL=CMD" "COMPILER=arm-none-eabi-gcc" "ASSEMBLER=arm-n
TRACE::2025-12-26.21:59:18::SCWMssOS::one-eabi-as" "ARCHIVER=arm-none-eabi-ar" "COMPILER_FLAGS=  -O2 -c" "EXTRA_COMPILER_FLAGS=-mcpu=cortex-a9 -mfpu=vfpv3 -mfloat-ab
TRACE::2025-12-26.21:59:18::SCWMssOS::i=hard -nostartfiles -g -Wall -Wextra -fno-tree-loop-distribute-patterns"

TRACE::2025-12-26.21:59:19::SCWMssOS::"includes"

TRACE::2025-12-26.21:59:21::SCWMssOS::"Running Make include in ps7_cortexa9_0/libsrc/gpiops_v3_13/src"

TRACE::2025-12-26.21:59:21::SCWMssOS::make -C ps7_cortexa9_0/libsrc/gpiops_v3_13/src -s include  "SHELL=CMD" "COMPILER=arm-none-eabi-gcc" "ASSEMBLER=arm-none-eabi-as
TRACE::2025-12-26.21:59:21::SCWMssOS::" "ARCHIVER=arm-none-eabi-ar" "COMPILER_FLAGS=  -O2 -c" "EXTRA_COMPILER_FLAGS=-mcpu=cortex-a9 -mfpu=vfpv3 -mfloat-abi=hard -nos
TRACE::2025-12-26.21:59:21::SCWMssOS::tartfiles -g -Wall -Wextra -fno-tree-loop-distribute-patterns"

TRACE::2025-12-26.21:59:21::SCWMssOS::"Running Make include in ps7_cortexa9_0/libsrc/lwip220_v1_0/src"

TRACE::2025-12-26.21:59:21::SCWMssOS::make -C ps7_cortexa9_0/libsrc/lwip220_v1_0/src -s include  "SHELL=CMD" "COMPILER=arm-none-eabi-gcc" "ASSEMBLER=arm-none-eabi-as
TRACE::2025-12-26.21:59:21::SCWMssOS::" "ARCHIVER=arm-none-eabi-ar" "COMPILER_FLAGS=  -O2 -c" "EXTRA_COMPILER_FLAGS=-mcpu=cortex-a9 -mfpu=vfpv3 -mfloat-abi=hard -nos
TRACE::2025-12-26.21:59:21::SCWMssOS::tartfiles -g -Wall -Wextra -fno-tree-loop-distribute-patterns"

TRACE::2025-12-26.21:59:22::SCWMssOS::"Running Make include in ps7_cortexa9_0/libsrc/qspips_v3_12/src"

TRACE::2025-12-26.21:59:22::SCWMssOS::make -C ps7_cortexa9_0/libsrc/qspips_v3_12/src -s include  "SHELL=CMD" "COMPILER=arm-none-eabi-gcc" "ASSEMBLER=arm-none-eabi-as
TRACE::2025-12-26.21:59:22::SCWMssOS::" "ARCHIVER=arm-none-eabi-ar" "COMPILER_FLAGS=  -O2 -c" "EXTRA_COMPILER_FLAGS=-mcpu=cortex-a9 -mfpu=vfpv3 -mfloat-abi=hard -nos
TRACE::2025-12-26.21:59:22::SCWMssOS::tartfiles -g -Wall -Wextra -fno-tree-loop-distribute-patterns"

TRACE::2025-12-26.21:59:22::SCWMssOS::"Running Make include in ps7_cortexa9_0/libsrc/scugic_v5_3/src"

TRACE::2025-12-26.21:59:22::SCWMssOS::make -C ps7_cortexa9_0/libsrc/scugic_v5_3/src -s include  "SHELL=CMD" "COMPILER=arm-none-eabi-gcc" "ASSEMBLER=arm-none-eabi-as"
TRACE::2025-12-26.21:59:22::SCWMssOS:: "ARCHIVER=arm-none-eabi-ar" "COMPILER_FLAGS=  -O2 -c" "EXTRA_COMPILER_FLAGS=-mcpu=cortex-a9 -mfpu=vfpv3 -mfloat-abi=hard -nost
TRACE::2025-12-26.21:59:22::SCWMssOS::artfiles -g -Wall -Wextra -fno-tree-loop-distribute-patterns"

TRACE::2025-12-26.21:59:23::SCWMssOS::"Running Make include in ps7_cortexa9_0/libsrc/scutimer_v2_6/src"

TRACE::2025-12-26.21:59:23::SCWMssOS::make -C ps7_cortexa9_0/libsrc/scutimer_v2_6/src -s include  "SHELL=CMD" "COMPILER=arm-none-eabi-gcc" "ASSEMBLER=arm-none-eabi-a
TRACE::2025-12-26.21:59:23::SCWMssOS::s" "ARCHIVER=arm-none-eabi-ar" "COMPILER_FLAGS=  -O2 -c" "EXTRA_COMPILER_FLAGS=-mcpu=cortex-a9 -mfpu=vfpv3 -mfloat-abi=hard -no
TRACE::2025-12-26.21:59:23::SCWMssOS::startfiles -g -Wall -Wextra -fno-tree-loop-distribute-patterns"

TRACE::2025-12-26.21:59:23::SCWMssOS::"Running Make include in ps7_cortexa9_0/libsrc/scuwdt_v2_5/src"

TRACE::2025-12-26.21:59:23::SCWMssOS::make -C ps7_cortexa9_0/libsrc/scuwdt_v2_5/src -s include  "SHELL=CMD" "COMPILER=arm-none-eabi-gcc" "ASSEMBLER=arm-none-eabi-as"
TRACE::2025-12-26.21:59:23::SCWMssOS:: "ARCHIVER=arm-none-eabi-ar" "COMPILER_FLAGS=  -O2 -c" "EXTRA_COMPILER_FLAGS=-mcpu=cortex-a9 -mfpu=vfpv3 -mfloat-abi=hard -nost
TRACE::2025-12-26.21:59:23::SCWMssOS::artfiles -g -Wall -Wextra -fno-tree-loop-distribute-patterns"

TRACE::2025-12-26.21:59:23::SCWMssOS::"Running Make include in ps7_cortexa9_0/libsrc/sdps_v4_3/src"

TRACE::2025-12-26.21:59:23::SCWMssOS::make -C ps7_cortexa9_0/libsrc/sdps_v4_3/src -s include  "SHELL=CMD" "COMPILER=arm-none-eabi-gcc" "ASSEMBLER=arm-none-eabi-as" "
TRACE::2025-12-26.21:59:23::SCWMssOS::ARCHIVER=arm-none-eabi-ar" "COMPILER_FLAGS=  -O2 -c" "EXTRA_COMPILER_FLAGS=-mcpu=cortex-a9 -mfpu=vfpv3 -mfloat-abi=hard -nostar
TRACE::2025-12-26.21:59:23::SCWMssOS::tfiles -g -Wall -Wextra -fno-tree-loop-distribute-patterns"

TRACE::2025-12-26.21:59:23::SCWMssOS::"Running Make include in ps7_cortexa9_0/libsrc/uartps_v3_14/src"

TRACE::2025-12-26.21:59:23::SCWMssOS::make -C ps7_cortexa9_0/libsrc/uartps_v3_14/src -s include  "SHELL=CMD" "COMPILER=arm-none-eabi-gcc" "ASSEMBLER=arm-none-eabi-as
TRACE::2025-12-26.21:59:23::SCWMssOS::" "ARCHIVER=arm-none-eabi-ar" "COMPILER_FLAGS=  -O2 -c" "EXTRA_COMPILER_FLAGS=-mcpu=cortex-a9 -mfpu=vfpv3 -mfloat-abi=hard -nos
TRACE::2025-12-26.21:59:23::SCWMssOS::tartfiles -g -Wall -Wextra -fno-tree-loop-distribute-patterns"

TRACE::2025-12-26.21:59:23::SCWMssOS::"Running Make include in ps7_cortexa9_0/libsrc/usbps_v2_9/src"

TRACE::2025-12-26.21:59:23::SCWMssOS::make -C ps7_cortexa9_0/libsrc/usbps_v2_9/src -s include  "SHELL=CMD" "COMPILER=arm-none-eabi-gcc" "ASSEMBLER=arm-none-eabi-as" 
TRACE::2025-12-26.21:59:23::SCWMssOS::"ARCHIVER=arm-none-eabi-ar" "COMPILER_FLAGS=  -O2 -c" "EXTRA_COMPILER_FLAGS=-mcpu=cortex-a9 -mfpu=vfpv3 -mfloat-abi=hard -nosta
TRACE::2025-12-26.21:59:23::SCWMssOS::rtfiles -g -Wall -Wextra -fno-tree-loop-distribute-patterns"

TRACE::2025-12-26.21:59:23::SCWMssOS::"Running Make include in ps7_cortexa9_0/libsrc/xadcps_v2_7/src"

TRACE::2025-12-26.21:59:23::SCWMssOS::make -C ps7_cortexa9_0/libsrc/xadcps_v2_7/src -s include  "SHELL=CMD" "COMPILER=arm-none-eabi-gcc" "ASSEMBLER=arm-none-eabi-as"
TRACE::2025-12-26.21:59:23::SCWMssOS:: "ARCHIVER=arm-none-eabi-ar" "COMPILER_FLAGS=  -O2 -c" "EXTRA_COMPILER_FLAGS=-mcpu=cortex-a9 -mfpu=vfpv3 -mfloat-abi=hard -nost
TRACE::2025-12-26.21:59:23::SCWMssOS::artfiles -g -Wall -Wextra -fno-tree-loop-distribute-patterns"

TRACE::2025-12-26.21:59:24::SCWMssOS::"Running Make libs in ps7_cortexa9_0/libsrc/lwip220_v1_0/src"

TRACE::2025-12-26.21:59:24::SCWMssOS::make -C ps7_cortexa9_0/libsrc/lwip220_v1_0/src -s libs  "SHELL=CMD" "COMPILER=arm-none-eabi-gcc" "ASSEMBLER=arm-none-eabi-as" "
TRACE::2025-12-26.21:59:24::SCWMssOS::ARCHIVER=arm-none-eabi-ar" "COMPILER_FLAGS=  -O2 -c" "EXTRA_COMPILER_FLAGS=-mcpu=cortex-a9 -mfpu=vfpv3 -mfloat-abi=hard -nostar
TRACE::2025-12-26.21:59:24::SCWMssOS::tfiles -g -Wall -Wextra -fno-tree-loop-distribute-patterns"

TRACE::2025-12-26.21:59:24::SCWMssOS::"Compiling lwip src and adapter files"

TRACE::2025-12-26.21:59:41::SCWMssOS::'Finished building libraries sequentially.'

TRACE::2025-12-26.21:59:41::SCWMssOS::make -j 10 --no-print-directory par_libs

TRACE::2025-12-26.21:59:41::SCWMssOS::"Running Make include in ps7_cortexa9_0/libsrc/axivdma_v6_15/src"

TRACE::2025-12-26.21:59:41::SCWMssOS::make -C ps7_cortexa9_0/libsrc/axivdma_v6_15/src -s include  "SHELL=CMD" "COMPILER=arm-none-eabi-gcc" "ASSEMBLER=arm-none-eabi-a
TRACE::2025-12-26.21:59:41::SCWMssOS::s" "ARCHIVER=arm-none-eabi-ar" "COMPILER_FLAGS=  -O2 -c" "EXTRA_COMPILER_FLAGS=-mcpu=cortex-a9 -mfpu=vfpv3 -mfloat-abi=hard -no
TRACE::2025-12-26.21:59:41::SCWMssOS::startfiles -g -Wall -Wextra -fno-tree-loop-distribute-patterns"

TRACE::2025-12-26.21:59:41::SCWMssOS::"Running Make include in ps7_cortexa9_0/libsrc/coresightps_dcc_v1_10/src"

TRACE::2025-12-26.21:59:41::SCWMssOS::make -C ps7_cortexa9_0/libsrc/coresightps_dcc_v1_10/src -s include  "SHELL=CMD" "COMPILER=arm-none-eabi-gcc" "ASSEMBLER=arm-non
TRACE::2025-12-26.21:59:41::SCWMssOS::e-eabi-as" "ARCHIVER=arm-none-eabi-ar" "COMPILER_FLAGS=  -O2 -c" "EXTRA_COMPILER_FLAGS=-mcpu=cortex-a9 -mfpu=vfpv3 -mfloat-abi=
TRACE::2025-12-26.21:59:41::SCWMssOS::hard -nostartfiles -g -Wall -Wextra -fno-tree-loop-distribute-patterns"

TRACE::2025-12-26.21:59:41::SCWMssOS::"Running Make include in ps7_cortexa9_0/libsrc/cpu_cortexa9_v2_12/src"

TRACE::2025-12-26.21:59:41::SCWMssOS::make -C ps7_cortexa9_0/libsrc/cpu_cortexa9_v2_12/src -s include  "SHELL=CMD" "COMPILER=arm-none-eabi-gcc" "ASSEMBLER=arm-none-e
TRACE::2025-12-26.21:59:41::SCWMssOS::abi-as" "ARCHIVER=arm-none-eabi-ar" "COMPILER_FLAGS=  -O2 -c" "EXTRA_COMPILER_FLAGS=-mcpu=cortex-a9 -mfpu=vfpv3 -mfloat-abi=har
TRACE::2025-12-26.21:59:41::SCWMssOS::d -nostartfiles -g -Wall -Wextra -fno-tree-loop-distribute-patterns"

TRACE::2025-12-26.21:59:41::SCWMssOS::"Running Make include in ps7_cortexa9_0/libsrc/ddrps_v1_2/src"

TRACE::2025-12-26.21:59:41::SCWMssOS::make -C ps7_cortexa9_0/libsrc/ddrps_v1_2/src -s include  "SHELL=CMD" "COMPILER=arm-none-eabi-gcc" "ASSEMBLER=arm-none-eabi-as" 
TRACE::2025-12-26.21:59:41::SCWMssOS::"ARCHIVER=arm-none-eabi-ar" "COMPILER_FLAGS=  -O2 -c" "EXTRA_COMPILER_FLAGS=-mcpu=cortex-a9 -mfpu=vfpv3 -mfloat-abi=hard -nosta
TRACE::2025-12-26.21:59:41::SCWMssOS::rtfiles -g -Wall -Wextra -fno-tree-loop-distribute-patterns"

TRACE::2025-12-26.21:59:41::SCWMssOS::"Running Make include in ps7_cortexa9_0/libsrc/devcfg_v3_8/src"

TRACE::2025-12-26.21:59:41::SCWMssOS::make -C ps7_cortexa9_0/libsrc/devcfg_v3_8/src -s include  "SHELL=CMD" "COMPILER=arm-none-eabi-gcc" "ASSEMBLER=arm-none-eabi-as"
TRACE::2025-12-26.21:59:41::SCWMssOS:: "ARCHIVER=arm-none-eabi-ar" "COMPILER_FLAGS=  -O2 -c" "EXTRA_COMPILER_FLAGS=-mcpu=cortex-a9 -mfpu=vfpv3 -mfloat-abi=hard -nost
TRACE::2025-12-26.21:59:41::SCWMssOS::artfiles -g -Wall -Wextra -fno-tree-loop-distribute-patterns"

TRACE::2025-12-26.21:59:41::SCWMssOS::"Running Make include in ps7_cortexa9_0/libsrc/dmaps_v2_10/src"

TRACE::2025-12-26.21:59:41::SCWMssOS::make -C ps7_cortexa9_0/libsrc/dmaps_v2_10/src -s include  "SHELL=CMD" "COMPILER=arm-none-eabi-gcc" "ASSEMBLER=arm-none-eabi-as"
TRACE::2025-12-26.21:59:41::SCWMssOS:: "ARCHIVER=arm-none-eabi-ar" "COMPILER_FLAGS=  -O2 -c" "EXTRA_COMPILER_FLAGS=-mcpu=cortex-a9 -mfpu=vfpv3 -mfloat-abi=hard -nost
TRACE::2025-12-26.21:59:41::SCWMssOS::artfiles -g -Wall -Wextra -fno-tree-loop-distribute-patterns"

TRACE::2025-12-26.21:59:41::SCWMssOS::"Running Make include in ps7_cortexa9_0/libsrc/emacps_v3_20/src"

TRACE::2025-12-26.21:59:41::SCWMssOS::make -C ps7_cortexa9_0/libsrc/emacps_v3_20/src -s include  "SHELL=CMD" "COMPILER=arm-none-eabi-gcc" "ASSEMBLER=arm-none-eabi-as
TRACE::2025-12-26.21:59:41::SCWMssOS::" "ARCHIVER=arm-none-eabi-ar" "COMPILER_FLAGS=  -O2 -c" "EXTRA_COMPILER_FLAGS=-mcpu=cortex-a9 -mfpu=vfpv3 -mfloat-abi=hard -nos
TRACE::2025-12-26.21:59:41::SCWMssOS::tartfiles -g -Wall -Wextra -fno-tree-loop-distribute-patterns"

TRACE::2025-12-26.21:59:41::SCWMssOS::"Running Make include in ps7_cortexa9_0/libsrc/freertos10_xilinx_v1_15/src"

TRACE::2025-12-26.21:59:41::SCWMssOS::make -C ps7_cortexa9_0/libsrc/freertos10_xilinx_v1_15/src -s include  "SHELL=CMD" "COMPILER=arm-none-eabi-gcc" "ASSEMBLER=arm-n
TRACE::2025-12-26.21:59:41::SCWMssOS::one-eabi-as" "ARCHIVER=arm-none-eabi-ar" "COMPILER_FLAGS=  -O2 -c" "EXTRA_COMPILER_FLAGS=-mcpu=cortex-a9 -mfpu=vfpv3 -mfloat-ab
TRACE::2025-12-26.21:59:41::SCWMssOS::i=hard -nostartfiles -g -Wall -Wextra -fno-tree-loop-distribute-patterns"

TRACE::2025-12-26.21:59:41::SCWMssOS::"Running Make include in ps7_cortexa9_0/libsrc/gpiops_v3_13/src"

TRACE::2025-12-26.21:59:41::SCWMssOS::make -C ps7_cortexa9_0/libsrc/gpiops_v3_13/src -s include  "SHELL=CMD" "COMPILER=arm-none-eabi-gcc" "ASSEMBLER=arm-none-eabi-as
TRACE::2025-12-26.21:59:41::SCWMssOS::" "ARCHIVER=arm-none-eabi-ar" "COMPILER_FLAGS=  -O2 -c" "EXTRA_COMPILER_FLAGS=-mcpu=cortex-a9 -mfpu=vfpv3 -mfloat-abi=hard -nos
TRACE::2025-12-26.21:59:41::SCWMssOS::tartfiles -g -Wall -Wextra -fno-tree-loop-distribute-patterns"

TRACE::2025-12-26.21:59:41::SCWMssOS::"Running Make include in ps7_cortexa9_0/libsrc/lwip220_v1_0/src"

TRACE::2025-12-26.21:59:41::SCWMssOS::make -C ps7_cortexa9_0/libsrc/lwip220_v1_0/src -s include  "SHELL=CMD" "COMPILER=arm-none-eabi-gcc" "ASSEMBLER=arm-none-eabi-as
TRACE::2025-12-26.21:59:41::SCWMssOS::" "ARCHIVER=arm-none-eabi-ar" "COMPILER_FLAGS=  -O2 -c" "EXTRA_COMPILER_FLAGS=-mcpu=cortex-a9 -mfpu=vfpv3 -mfloat-abi=hard -nos
TRACE::2025-12-26.21:59:41::SCWMssOS::tartfiles -g -Wall -Wextra -fno-tree-loop-distribute-patterns"

TRACE::2025-12-26.21:59:41::SCWMssOS::"Running Make include in ps7_cortexa9_0/libsrc/qspips_v3_12/src"

TRACE::2025-12-26.21:59:41::SCWMssOS::"includes"

TRACE::2025-12-26.21:59:41::SCWMssOS::make -C ps7_cortexa9_0/libsrc/qspips_v3_12/src -s include  "SHELL=CMD" "COMPILER=arm-none-eabi-gcc" "ASSEMBLER=arm-none-eabi-as
TRACE::2025-12-26.21:59:41::SCWMssOS::" "ARCHIVER=arm-none-eabi-ar" "COMPILER_FLAGS=  -O2 -c" "EXTRA_COMPILER_FLAGS=-mcpu=cortex-a9 -mfpu=vfpv3 -mfloat-abi=hard -nos
TRACE::2025-12-26.21:59:41::SCWMssOS::tartfiles -g -Wall -Wextra -fno-tree-loop-distribute-patterns"

TRACE::2025-12-26.21:59:41::SCWMssOS::"Running Make include in ps7_cortexa9_0/libsrc/scugic_v5_3/src"

TRACE::2025-12-26.21:59:41::SCWMssOS::make -C ps7_cortexa9_0/libsrc/scugic_v5_3/src -s include  "SHELL=CMD" "COMPILER=arm-none-eabi-gcc" "ASSEMBLER=arm-none-eabi-as"
TRACE::2025-12-26.21:59:41::SCWMssOS:: "ARCHIVER=arm-none-eabi-ar" "COMPILER_FLAGS=  -O2 -c" "EXTRA_COMPILER_FLAGS=-mcpu=cortex-a9 -mfpu=vfpv3 -mfloat-abi=hard -nost
TRACE::2025-12-26.21:59:41::SCWMssOS::artfiles -g -Wall -Wextra -fno-tree-loop-distribute-patterns"

TRACE::2025-12-26.21:59:41::SCWMssOS::"Running Make include in ps7_cortexa9_0/libsrc/scutimer_v2_6/src"

TRACE::2025-12-26.21:59:41::SCWMssOS::make -C ps7_cortexa9_0/libsrc/scutimer_v2_6/src -s include  "SHELL=CMD" "COMPILER=arm-none-eabi-gcc" "ASSEMBLER=arm-none-eabi-a
TRACE::2025-12-26.21:59:41::SCWMssOS::s" "ARCHIVER=arm-none-eabi-ar" "COMPILER_FLAGS=  -O2 -c" "EXTRA_COMPILER_FLAGS=-mcpu=cortex-a9 -mfpu=vfpv3 -mfloat-abi=hard -no
TRACE::2025-12-26.21:59:41::SCWMssOS::startfiles -g -Wall -Wextra -fno-tree-loop-distribute-patterns"

TRACE::2025-12-26.21:59:41::SCWMssOS::"Running Make include in ps7_cortexa9_0/libsrc/scuwdt_v2_5/src"

TRACE::2025-12-26.21:59:41::SCWMssOS::make -C ps7_cortexa9_0/libsrc/scuwdt_v2_5/src -s include  "SHELL=CMD" "COMPILER=arm-none-eabi-gcc" "ASSEMBLER=arm-none-eabi-as"
TRACE::2025-12-26.21:59:41::SCWMssOS:: "ARCHIVER=arm-none-eabi-ar" "COMPILER_FLAGS=  -O2 -c" "EXTRA_COMPILER_FLAGS=-mcpu=cortex-a9 -mfpu=vfpv3 -mfloat-abi=hard -nost
TRACE::2025-12-26.21:59:41::SCWMssOS::artfiles -g -Wall -Wextra -fno-tree-loop-distribute-patterns"

TRACE::2025-12-26.21:59:41::SCWMssOS::"Running Make include in ps7_cortexa9_0/libsrc/sdps_v4_3/src"

TRACE::2025-12-26.21:59:41::SCWMssOS::make -C ps7_cortexa9_0/libsrc/sdps_v4_3/src -s include  "SHELL=CMD" "COMPILER=arm-none-eabi-gcc" "ASSEMBLER=arm-none-eabi-as" "
TRACE::2025-12-26.21:59:41::SCWMssOS::ARCHIVER=arm-none-eabi-ar" "COMPILER_FLAGS=  -O2 -c" "EXTRA_COMPILER_FLAGS=-mcpu=cortex-a9 -mfpu=vfpv3 -mfloat-abi=hard -nostar
TRACE::2025-12-26.21:59:41::SCWMssOS::tfiles -g -Wall -Wextra -fno-tree-loop-distribute-patterns"

TRACE::2025-12-26.21:59:41::SCWMssOS::"Running Make include in ps7_cortexa9_0/libsrc/uartps_v3_14/src"

TRACE::2025-12-26.21:59:41::SCWMssOS::make -C ps7_cortexa9_0/libsrc/uartps_v3_14/src -s include  "SHELL=CMD" "COMPILER=arm-none-eabi-gcc" "ASSEMBLER=arm-none-eabi-as
TRACE::2025-12-26.21:59:41::SCWMssOS::" "ARCHIVER=arm-none-eabi-ar" "COMPILER_FLAGS=  -O2 -c" "EXTRA_COMPILER_FLAGS=-mcpu=cortex-a9 -mfpu=vfpv3 -mfloat-abi=hard -nos
TRACE::2025-12-26.21:59:41::SCWMssOS::tartfiles -g -Wall -Wextra -fno-tree-loop-distribute-patterns"

TRACE::2025-12-26.21:59:41::SCWMssOS::"Running Make include in ps7_cortexa9_0/libsrc/usbps_v2_9/src"

TRACE::2025-12-26.21:59:41::SCWMssOS::make -C ps7_cortexa9_0/libsrc/usbps_v2_9/src -s include  "SHELL=CMD" "COMPILER=arm-none-eabi-gcc" "ASSEMBLER=arm-none-eabi-as" 
TRACE::2025-12-26.21:59:41::SCWMssOS::"ARCHIVER=arm-none-eabi-ar" "COMPILER_FLAGS=  -O2 -c" "EXTRA_COMPILER_FLAGS=-mcpu=cortex-a9 -mfpu=vfpv3 -mfloat-abi=hard -nosta
TRACE::2025-12-26.21:59:41::SCWMssOS::rtfiles -g -Wall -Wextra -fno-tree-loop-distribute-patterns"

TRACE::2025-12-26.21:59:41::SCWMssOS::"Running Make include in ps7_cortexa9_0/libsrc/xadcps_v2_7/src"

TRACE::2025-12-26.21:59:41::SCWMssOS::make -C ps7_cortexa9_0/libsrc/xadcps_v2_7/src -s include  "SHELL=CMD" "COMPILER=arm-none-eabi-gcc" "ASSEMBLER=arm-none-eabi-as"
TRACE::2025-12-26.21:59:41::SCWMssOS:: "ARCHIVER=arm-none-eabi-ar" "COMPILER_FLAGS=  -O2 -c" "EXTRA_COMPILER_FLAGS=-mcpu=cortex-a9 -mfpu=vfpv3 -mfloat-abi=hard -nost
TRACE::2025-12-26.21:59:41::SCWMssOS::artfiles -g -Wall -Wextra -fno-tree-loop-distribute-patterns"

TRACE::2025-12-26.21:59:42::SCWMssOS::"Running Make libs in ps7_cortexa9_0/libsrc/axivdma_v6_15/src"

TRACE::2025-12-26.21:59:42::SCWMssOS::make -C ps7_cortexa9_0/libsrc/axivdma_v6_15/src -s libs  "SHELL=CMD" "COMPILER=arm-none-eabi-gcc" "ASSEMBLER=arm-none-eabi-as" 
TRACE::2025-12-26.21:59:42::SCWMssOS::"ARCHIVER=arm-none-eabi-ar" "COMPILER_FLAGS=  -O2 -c" "EXTRA_COMPILER_FLAGS=-mcpu=cortex-a9 -mfpu=vfpv3 -mfloat-abi=hard -nosta
TRACE::2025-12-26.21:59:42::SCWMssOS::rtfiles -g -Wall -Wextra -fno-tree-loop-distribute-patterns"

TRACE::2025-12-26.21:59:42::SCWMssOS::"Running Make libs in ps7_cortexa9_0/libsrc/coresightps_dcc_v1_10/src"

TRACE::2025-12-26.21:59:42::SCWMssOS::make -C ps7_cortexa9_0/libsrc/coresightps_dcc_v1_10/src -s libs  "SHELL=CMD" "COMPILER=arm-none-eabi-gcc" "ASSEMBLER=arm-none-e
TRACE::2025-12-26.21:59:42::SCWMssOS::abi-as" "ARCHIVER=arm-none-eabi-ar" "COMPILER_FLAGS=  -O2 -c" "EXTRA_COMPILER_FLAGS=-mcpu=cortex-a9 -mfpu=vfpv3 -mfloat-abi=har
TRACE::2025-12-26.21:59:42::SCWMssOS::d -nostartfiles -g -Wall -Wextra -fno-tree-loop-distribute-patterns"

TRACE::2025-12-26.21:59:42::SCWMssOS::"Running Make libs in ps7_cortexa9_0/libsrc/cpu_cortexa9_v2_12/src"

TRACE::2025-12-26.21:59:42::SCWMssOS::make -C ps7_cortexa9_0/libsrc/cpu_cortexa9_v2_12/src -s libs  "SHELL=CMD" "COMPILER=arm-none-eabi-gcc" "ASSEMBLER=arm-none-eabi
TRACE::2025-12-26.21:59:42::SCWMssOS::-as" "ARCHIVER=arm-none-eabi-ar" "COMPILER_FLAGS=  -O2 -c" "EXTRA_COMPILER_FLAGS=-mcpu=cortex-a9 -mfpu=vfpv3 -mfloat-abi=hard -
TRACE::2025-12-26.21:59:42::SCWMssOS::nostartfiles -g -Wall -Wextra -fno-tree-loop-distribute-patterns"

TRACE::2025-12-26.21:59:42::SCWMssOS::"Running Make libs in ps7_cortexa9_0/libsrc/ddrps_v1_2/src"

TRACE::2025-12-26.21:59:43::SCWMssOS::make -C ps7_cortexa9_0/libsrc/ddrps_v1_2/src -s libs  "SHELL=CMD" "COMPILER=arm-none-eabi-gcc" "ASSEMBLER=arm-none-eabi-as" "AR
TRACE::2025-12-26.21:59:43::SCWMssOS::CHIVER=arm-none-eabi-ar" "COMPILER_FLAGS=  -O2 -c" "EXTRA_COMPILER_FLAGS=-mcpu=cortex-a9 -mfpu=vfpv3 -mfloat-abi=hard -nostartf
TRACE::2025-12-26.21:59:43::SCWMssOS::iles -g -Wall -Wextra -fno-tree-loop-distribute-patterns"

TRACE::2025-12-26.21:59:43::SCWMssOS::"Running Make libs in ps7_cortexa9_0/libsrc/devcfg_v3_8/src"

TRACE::2025-12-26.21:59:43::SCWMssOS::make -C ps7_cortexa9_0/libsrc/devcfg_v3_8/src -s libs  "SHELL=CMD" "COMPILER=arm-none-eabi-gcc" "ASSEMBLER=arm-none-eabi-as" "A
TRACE::2025-12-26.21:59:43::SCWMssOS::RCHIVER=arm-none-eabi-ar" "COMPILER_FLAGS=  -O2 -c" "EXTRA_COMPILER_FLAGS=-mcpu=cortex-a9 -mfpu=vfpv3 -mfloat-abi=hard -nostart
TRACE::2025-12-26.21:59:43::SCWMssOS::files -g -Wall -Wextra -fno-tree-loop-distribute-patterns"

TRACE::2025-12-26.21:59:43::SCWMssOS::"Running Make libs in ps7_cortexa9_0/libsrc/dmaps_v2_10/src"

TRACE::2025-12-26.21:59:43::SCWMssOS::make -C ps7_cortexa9_0/libsrc/dmaps_v2_10/src -s libs  "SHELL=CMD" "COMPILER=arm-none-eabi-gcc" "ASSEMBLER=arm-none-eabi-as" "A
TRACE::2025-12-26.21:59:43::SCWMssOS::RCHIVER=arm-none-eabi-ar" "COMPILER_FLAGS=  -O2 -c" "EXTRA_COMPILER_FLAGS=-mcpu=cortex-a9 -mfpu=vfpv3 -mfloat-abi=hard -nostart
TRACE::2025-12-26.21:59:43::SCWMssOS::files -g -Wall -Wextra -fno-tree-loop-distribute-patterns"

TRACE::2025-12-26.21:59:43::SCWMssOS::"Running Make libs in ps7_cortexa9_0/libsrc/emacps_v3_20/src"

TRACE::2025-12-26.21:59:43::SCWMssOS::make -C ps7_cortexa9_0/libsrc/emacps_v3_20/src -s libs  "SHELL=CMD" "COMPILER=arm-none-eabi-gcc" "ASSEMBLER=arm-none-eabi-as" "
TRACE::2025-12-26.21:59:43::SCWMssOS::ARCHIVER=arm-none-eabi-ar" "COMPILER_FLAGS=  -O2 -c" "EXTRA_COMPILER_FLAGS=-mcpu=cortex-a9 -mfpu=vfpv3 -mfloat-abi=hard -nostar
TRACE::2025-12-26.21:59:43::SCWMssOS::tfiles -g -Wall -Wextra -fno-tree-loop-distribute-patterns"

TRACE::2025-12-26.21:59:43::SCWMssOS::"Running Make libs in ps7_cortexa9_0/libsrc/freertos10_xilinx_v1_15/src"

TRACE::2025-12-26.21:59:43::SCWMssOS::make -C ps7_cortexa9_0/libsrc/freertos10_xilinx_v1_15/src -s libs  "SHELL=CMD" "COMPILER=arm-none-eabi-gcc" "ASSEMBLER=arm-none
TRACE::2025-12-26.21:59:43::SCWMssOS::-eabi-as" "ARCHIVER=arm-none-eabi-ar" "COMPILER_FLAGS=  -O2 -c" "EXTRA_COMPILER_FLAGS=-mcpu=cortex-a9 -mfpu=vfpv3 -mfloat-abi=h
TRACE::2025-12-26.21:59:43::SCWMssOS::ard -nostartfiles -g -Wall -Wextra -fno-tree-loop-distribute-patterns"

TRACE::2025-12-26.21:59:43::SCWMssOS::"Running Make libs in ps7_cortexa9_0/libsrc/gpiops_v3_13/src"

TRACE::2025-12-26.21:59:43::SCWMssOS::make -C ps7_cortexa9_0/libsrc/gpiops_v3_13/src -s libs  "SHELL=CMD" "COMPILER=arm-none-eabi-gcc" "ASSEMBLER=arm-none-eabi-as" "
TRACE::2025-12-26.21:59:43::SCWMssOS::ARCHIVER=arm-none-eabi-ar" "COMPILER_FLAGS=  -O2 -c" "EXTRA_COMPILER_FLAGS=-mcpu=cortex-a9 -mfpu=vfpv3 -mfloat-abi=hard -nostar
TRACE::2025-12-26.21:59:43::SCWMssOS::tfiles -g -Wall -Wextra -fno-tree-loop-distribute-patterns"

TRACE::2025-12-26.21:59:43::SCWMssOS::"Running Make libs in ps7_cortexa9_0/libsrc/qspips_v3_12/src"

TRACE::2025-12-26.21:59:43::SCWMssOS::make -C ps7_cortexa9_0/libsrc/qspips_v3_12/src -s libs  "SHELL=CMD" "COMPILER=arm-none-eabi-gcc" "ASSEMBLER=arm-none-eabi-as" "
TRACE::2025-12-26.21:59:43::SCWMssOS::ARCHIVER=arm-none-eabi-ar" "COMPILER_FLAGS=  -O2 -c" "EXTRA_COMPILER_FLAGS=-mcpu=cortex-a9 -mfpu=vfpv3 -mfloat-abi=hard -nostar
TRACE::2025-12-26.21:59:43::SCWMssOS::tfiles -g -Wall -Wextra -fno-tree-loop-distribute-patterns"

TRACE::2025-12-26.21:59:44::SCWMssOS::"Running Make libs in ps7_cortexa9_0/libsrc/scugic_v5_3/src"

TRACE::2025-12-26.21:59:44::SCWMssOS::make -C ps7_cortexa9_0/libsrc/scugic_v5_3/src -s libs  "SHELL=CMD" "COMPILER=arm-none-eabi-gcc" "ASSEMBLER=arm-none-eabi-as" "A
TRACE::2025-12-26.21:59:44::SCWMssOS::RCHIVER=arm-none-eabi-ar" "COMPILER_FLAGS=  -O2 -c" "EXTRA_COMPILER_FLAGS=-mcpu=cortex-a9 -mfpu=vfpv3 -mfloat-abi=hard -nostart
TRACE::2025-12-26.21:59:44::SCWMssOS::files -g -Wall -Wextra -fno-tree-loop-distribute-patterns"

TRACE::2025-12-26.21:59:44::SCWMssOS::"Running Make libs in ps7_cortexa9_0/libsrc/scutimer_v2_6/src"

TRACE::2025-12-26.21:59:44::SCWMssOS::make -C ps7_cortexa9_0/libsrc/scutimer_v2_6/src -s libs  "SHELL=CMD" "COMPILER=arm-none-eabi-gcc" "ASSEMBLER=arm-none-eabi-as" 
TRACE::2025-12-26.21:59:44::SCWMssOS::"ARCHIVER=arm-none-eabi-ar" "COMPILER_FLAGS=  -O2 -c" "EXTRA_COMPILER_FLAGS=-mcpu=cortex-a9 -mfpu=vfpv3 -mfloat-abi=hard -nosta
TRACE::2025-12-26.21:59:44::SCWMssOS::rtfiles -g -Wall -Wextra -fno-tree-loop-distribute-patterns"

TRACE::2025-12-26.21:59:45::SCWMssOS::"Running Make libs in ps7_cortexa9_0/libsrc/scuwdt_v2_5/src"

TRACE::2025-12-26.21:59:45::SCWMssOS::make -C ps7_cortexa9_0/libsrc/scuwdt_v2_5/src -s libs  "SHELL=CMD" "COMPILER=arm-none-eabi-gcc" "ASSEMBLER=arm-none-eabi-as" "A
TRACE::2025-12-26.21:59:45::SCWMssOS::RCHIVER=arm-none-eabi-ar" "COMPILER_FLAGS=  -O2 -c" "EXTRA_COMPILER_FLAGS=-mcpu=cortex-a9 -mfpu=vfpv3 -mfloat-abi=hard -nostart
TRACE::2025-12-26.21:59:45::SCWMssOS::files -g -Wall -Wextra -fno-tree-loop-distribute-patterns"

TRACE::2025-12-26.21:59:45::SCWMssOS::"Running Make libs in ps7_cortexa9_0/libsrc/sdps_v4_3/src"

TRACE::2025-12-26.21:59:45::SCWMssOS::make -C ps7_cortexa9_0/libsrc/sdps_v4_3/src -s libs  "SHELL=CMD" "COMPILER=arm-none-eabi-gcc" "ASSEMBLER=arm-none-eabi-as" "ARC
TRACE::2025-12-26.21:59:45::SCWMssOS::HIVER=arm-none-eabi-ar" "COMPILER_FLAGS=  -O2 -c" "EXTRA_COMPILER_FLAGS=-mcpu=cortex-a9 -mfpu=vfpv3 -mfloat-abi=hard -nostartfi
TRACE::2025-12-26.21:59:45::SCWMssOS::les -g -Wall -Wextra -fno-tree-loop-distribute-patterns"

TRACE::2025-12-26.21:59:45::SCWMssOS::"Running Make libs in ps7_cortexa9_0/libsrc/uartps_v3_14/src"

TRACE::2025-12-26.21:59:45::SCWMssOS::make -C ps7_cortexa9_0/libsrc/uartps_v3_14/src -s libs  "SHELL=CMD" "COMPILER=arm-none-eabi-gcc" "ASSEMBLER=arm-none-eabi-as" "
TRACE::2025-12-26.21:59:45::SCWMssOS::ARCHIVER=arm-none-eabi-ar" "COMPILER_FLAGS=  -O2 -c" "EXTRA_COMPILER_FLAGS=-mcpu=cortex-a9 -mfpu=vfpv3 -mfloat-abi=hard -nostar
TRACE::2025-12-26.21:59:45::SCWMssOS::tfiles -g -Wall -Wextra -fno-tree-loop-distribute-patterns"

TRACE::2025-12-26.21:59:46::SCWMssOS::"Running Make libs in ps7_cortexa9_0/libsrc/usbps_v2_9/src"

TRACE::2025-12-26.21:59:46::SCWMssOS::make -C ps7_cortexa9_0/libsrc/usbps_v2_9/src -s libs  "SHELL=CMD" "COMPILER=arm-none-eabi-gcc" "ASSEMBLER=arm-none-eabi-as" "AR
TRACE::2025-12-26.21:59:46::SCWMssOS::CHIVER=arm-none-eabi-ar" "COMPILER_FLAGS=  -O2 -c" "EXTRA_COMPILER_FLAGS=-mcpu=cortex-a9 -mfpu=vfpv3 -mfloat-abi=hard -nostartf
TRACE::2025-12-26.21:59:46::SCWMssOS::iles -g -Wall -Wextra -fno-tree-loop-distribute-patterns"

TRACE::2025-12-26.21:59:46::SCWMssOS::"Running Make libs in ps7_cortexa9_0/libsrc/xadcps_v2_7/src"

TRACE::2025-12-26.21:59:46::SCWMssOS::make -C ps7_cortexa9_0/libsrc/xadcps_v2_7/src -s libs  "SHELL=CMD" "COMPILER=arm-none-eabi-gcc" "ASSEMBLER=arm-none-eabi-as" "A
TRACE::2025-12-26.21:59:46::SCWMssOS::RCHIVER=arm-none-eabi-ar" "COMPILER_FLAGS=  -O2 -c" "EXTRA_COMPILER_FLAGS=-mcpu=cortex-a9 -mfpu=vfpv3 -mfloat-abi=hard -nostart
TRACE::2025-12-26.21:59:46::SCWMssOS::files -g -Wall -Wextra -fno-tree-loop-distribute-patterns"

TRACE::2025-12-26.21:59:49::SCWMssOS::'Finished building libraries parallelly.'

TRACE::2025-12-26.21:59:49::SCWMssOS::make --no-print-directory archive

TRACE::2025-12-26.21:59:49::SCWMssOS::arm-none-eabi-ar -r  ps7_cortexa9_0/lib/libxil.a ps7_cortexa9_0/lib/_exit.o ps7_cortexa9_0/lib/_open.o ps7_cortexa9_0/lib/_sbrk
TRACE::2025-12-26.21:59:49::SCWMssOS::.o ps7_cortexa9_0/lib/abort.o ps7_cortexa9_0/lib/boot.o ps7_cortexa9_0/lib/close.o ps7_cortexa9_0/lib/cpputest_time.o ps7_corte
TRACE::2025-12-26.21:59:49::SCWMssOS::xa9_0/lib/cpu_init.o ps7_cortexa9_0/lib/errno.o ps7_cortexa9_0/lib/fcntl.o ps7_cortexa9_0/lib/fstat.o ps7_cortexa9_0/lib/getent
TRACE::2025-12-26.21:59:49::SCWMssOS::ropy.o ps7_cortexa9_0/lib/getpid.o ps7_cortexa9_0/lib/inbyte.o ps7_cortexa9_0/lib/isatty.o ps7_cortexa9_0/lib/kill.o ps7_cortex
TRACE::2025-12-26.21:59:49::SCWMssOS::a9_0/lib/lseek.o ps7_cortexa9_0/lib/open.o ps7_cortexa9_0/lib/outbyte.o ps7_cortexa9_0/lib/print.o ps7_cortexa9_0/lib/putnum.o 
TRACE::2025-12-26.21:59:49::SCWMssOS::ps7_cortexa9_0/lib/read.o ps7_cortexa9_0/lib/sbrk.o ps7_cortexa9_0/lib/sleep.o ps7_cortexa9_0/lib/time.o ps7_cortexa9_0/lib/tra
TRACE::2025-12-26.21:59:49::SCWMssOS::nslation_table.o ps7_cortexa9_0/lib/unlink.o ps7_cortexa9_0/lib/usleep.o ps7_cortexa9_0/lib/vectors.o ps7_cortexa9_0/lib/write.
TRACE::2025-12-26.21:59:49::SCWMssOS::o ps7_cortexa9_0/lib/xadcps.o ps7_cortexa9_0/lib/xadcps_g.o ps7_cortexa9_0/lib/xadcps_intr.o ps7_cortexa9_0/lib/xadcps_selftest
TRACE::2025-12-26.21:59:49::SCWMssOS::.o ps7_cortexa9_0/lib/xadcps_sinit.o ps7_cortexa9_0/lib/xaxivdma.o ps7_cortexa9_0/lib/xaxivdma_channel.o ps7_cortexa9_0/lib/xax
TRACE::2025-12-26.21:59:49::SCWMssOS::ivdma_g.o ps7_cortexa9_0/lib/xaxivdma_intr.o ps7_cortexa9_0/lib/xaxivdma_selftest.o ps7_cortexa9_0/lib/xaxivdma_sinit.o ps7_cor
TRACE::2025-12-26.21:59:49::SCWMssOS::texa9_0/lib/xcoresightpsdcc.o ps7_cortexa9_0/lib/xdevcfg.o ps7_cortexa9_0/lib/xdevcfg_g.o ps7_cortexa9_0/lib/xdevcfg_hw.o ps7_c
TRACE::2025-12-26.21:59:49::SCWMssOS::ortexa9_0/lib/xdevcfg_intr.o ps7_cortexa9_0/lib/xdevcfg_selftest.o ps7_cortexa9_0/lib/xdevcfg_sinit.o ps7_cortexa9_0/lib/xdmaps
TRACE::2025-12-26.21:59:49::SCWMssOS::.o ps7_cortexa9_0/lib/xdmaps_g.o ps7_cortexa9_0/lib/xdmaps_hw.o ps7_cortexa9_0/lib/xdmaps_selftest.o ps7_cortexa9_0/lib/xdmaps_
TRACE::2025-12-26.21:59:49::SCWMssOS::sinit.o ps7_cortexa9_0/lib/xemacps.o ps7_cortexa9_0/lib/xemacps_bdring.o ps7_cortexa9_0/lib/xemacps_control.o ps7_cortexa9_0/li
TRACE::2025-12-26.21:59:49::SCWMssOS::b/xemacps_g.o ps7_cortexa9_0/lib/xemacps_hw.o ps7_cortexa9_0/lib/xemacps_intr.o ps7_cortexa9_0/lib/xemacps_sinit.o ps7_cortexa9
TRACE::2025-12-26.21:59:49::SCWMssOS::_0/lib/xgpiops.o ps7_cortexa9_0/lib/xgpiops_g.o ps7_cortexa9_0/lib/xgpiops_hw.o ps7_cortexa9_0/lib/xgpiops_intr.o ps7_cortexa9_
TRACE::2025-12-26.21:59:49::SCWMssOS::0/lib/xgpiops_selftest.o ps7_cortexa9_0/lib/xgpiops_sinit.o ps7_cortexa9_0/lib/xil-crt0.o ps7_cortexa9_0/lib/xil_assert.o ps7_c
TRACE::2025-12-26.21:59:49::SCWMssOS::ortexa9_0/lib/xil_cache.o ps7_cortexa9_0/lib/xil_clocking.o ps7_cortexa9_0/lib/xil_exception.o ps7_cortexa9_0/lib/xil_mem.o ps7
TRACE::2025-12-26.21:59:49::SCWMssOS::_cortexa9_0/lib/xil_misc_psreset_api.o ps7_cortexa9_0/lib/xil_mmu.o ps7_cortexa9_0/lib/xil_printf.o ps7_cortexa9_0/lib/xil_slee
TRACE::2025-12-26.21:59:49::SCWMssOS::pcommon.o ps7_cortexa9_0/lib/xil_sleeptimer.o ps7_cortexa9_0/lib/xil_spinlock.o ps7_cortexa9_0/lib/xil_testcache.o ps7_cortexa9
TRACE::2025-12-26.21:59:49::SCWMssOS::_0/lib/xil_testio.o ps7_cortexa9_0/lib/xil_testmem.o ps7_cortexa9_0/lib/xil_util.o ps7_cortexa9_0/lib/xinterrupt_wrap.o ps7_cor
TRACE::2025-12-26.21:59:49::SCWMssOS::texa9_0/lib/xl2cc_counter.o ps7_cortexa9_0/lib/xplatform_info.o ps7_cortexa9_0/lib/xpm_counter.o ps7_cortexa9_0/lib/xpm_init.o 
TRACE::2025-12-26.21:59:49::SCWMssOS::ps7_cortexa9_0/lib/xqspips.o ps7_cortexa9_0/lib/xqspips_g.o ps7_cortexa9_0/lib/xqspips_hw.o ps7_cortexa9_0/lib/xqspips_options.
TRACE::2025-12-26.21:59:49::SCWMssOS::o ps7_cortexa9_0/lib/xqspips_selftest.o ps7_cortexa9_0/lib/xqspips_sinit.o ps7_cortexa9_0/lib/xscugic.o ps7_cortexa9_0/lib/xscu
TRACE::2025-12-26.21:59:49::SCWMssOS::gic_g.o ps7_cortexa9_0/lib/xscugic_hw.o ps7_cortexa9_0/lib/xscugic_intr.o ps7_cortexa9_0/lib/xscugic_selftest.o ps7_cortexa9_0/
TRACE::2025-12-26.21:59:49::SCWMssOS::lib/xscugic_sinit.o ps7_cortexa9_0/lib/xscutimer.o ps7_cortexa9_0/lib/xscutimer_g.o ps7_cortexa9_0/lib/xscutimer_selftest.o ps7
TRACE::2025-12-26.21:59:49::SCWMssOS::_cortexa9_0/lib/xscutimer_sinit.o ps7_cortexa9_0/lib/xscuwdt.o ps7_cortexa9_0/lib/xscuwdt_g.o ps7_cortexa9_0/lib/xscuwdt_selfte
TRACE::2025-12-26.21:59:49::SCWMssOS::st.o ps7_cortexa9_0/lib/xscuwdt_sinit.o ps7_cortexa9_0/lib/xsdps.o ps7_cortexa9_0/lib/xsdps_card.o ps7_cortexa9_0/lib/xsdps_g.o
TRACE::2025-12-26.21:59:49::SCWMssOS:: ps7_cortexa9_0/lib/xsdps_host.o ps7_cortexa9_0/lib/xsdps_options.o ps7_cortexa9_0/lib/xsdps_sinit.o ps7_cortexa9_0/lib/xtime_l
TRACE::2025-12-26.21:59:49::SCWMssOS::.o ps7_cortexa9_0/lib/xuartps.o ps7_cortexa9_0/lib/xuartps_g.o ps7_cortexa9_0/lib/xuartps_hw.o ps7_cortexa9_0/lib/xuartps_intr.
TRACE::2025-12-26.21:59:49::SCWMssOS::o ps7_cortexa9_0/lib/xuartps_options.o ps7_cortexa9_0/lib/xuartps_selftest.o ps7_cortexa9_0/lib/xuartps_sinit.o ps7_cortexa9_0/
TRACE::2025-12-26.21:59:49::SCWMssOS::lib/xusbps.o ps7_cortexa9_0/lib/xusbps_endpoint.o ps7_cortexa9_0/lib/xusbps_g.o ps7_cortexa9_0/lib/xusbps_hw.o ps7_cortexa9_0/l
TRACE::2025-12-26.21:59:49::SCWMssOS::ib/xusbps_intr.o ps7_cortexa9_0/lib/xusbps_sinit.o

TRACE::2025-12-26.21:59:49::SCWMssOS::'Finished building libraries'

TRACE::2025-12-26.21:59:50::SCWMssOS::Copying to export directory.
TRACE::2025-12-26.21:59:51::SCWMssOS:: Checking if to create the Supporting Applications
TRACE::2025-12-26.21:59:51::SCWMssOS:: No Linux domain exists, trying to generate FSBL 
LOG::2025-12-26.21:59:51::SCWSystem::Completed Processing the domain freertos10_xilinx_ps7_cortexa9_0
LOG::2025-12-26.21:59:51::SCWSystem::Completed Processing the sysconfig hdmi_vdma
LOG::2025-12-26.21:59:51::SCWPlatform::Completed generating the artifacts for system configuration hdmi_vdma
TRACE::2025-12-26.21:59:51::SCWPlatform::Started preparing the platform 
TRACE::2025-12-26.21:59:51::SCWSystem::Writing the bif file for system config hdmi_vdma
TRACE::2025-12-26.21:59:51::SCWSystem::dir created 
TRACE::2025-12-26.21:59:51::SCWSystem::Writing the bif 
TRACE::2025-12-26.21:59:51::SCWPlatform::Started writing the spfm file 
TRACE::2025-12-26.21:59:51::SCWPlatform::Started writing the xpfm file 
TRACE::2025-12-26.21:59:51::SCWPlatform::Completed generating the platform
TRACE::2025-12-26.21:59:51::SCWMssOS::Saving the mss changes C:/Users/12302093/AppData/Roaming/Xilinx/Vivado/myproj/Vitis4/hdmi_vdma/zynq_fsbl/zynq_fsbl_bsp/system.mss
TRACE::2025-12-26.21:59:51::SCWMssOS::Found a swdesign opened with the mssfile.
TRACE::2025-12-26.21:59:51::SCWMssOS::Completed writemss as part of save.
TRACE::2025-12-26.21:59:51::SCWMssOS::Commit changes completed.
TRACE::2025-12-26.21:59:51::SCWMssOS::Saving the mss changes C:/Users/12302093/AppData/Roaming/Xilinx/Vivado/myproj/Vitis4/hdmi_vdma/ps7_cortexa9_0/freertos10_xilinx_ps7_cortexa9_0/bsp/system.mss
TRACE::2025-12-26.21:59:51::SCWMssOS::Found a swdesign opened with the mssfile.
TRACE::2025-12-26.21:59:51::SCWMssOS::Completed writemss as part of save.
TRACE::2025-12-26.21:59:51::SCWMssOS::Commit changes completed.
TRACE::2025-12-26.21:59:51::SCWPlatform::Trying to open the hw design at C:/Users/12302093/AppData/Roaming/Xilinx/Vivado/myproj/Vitis4/hdmi_vdma/hw/hdmi_vdma.xsa
TRACE::2025-12-26.21:59:51::SCWPlatform::DSA given C:/Users/12302093/AppData/Roaming/Xilinx/Vivado/myproj/Vitis4/hdmi_vdma/hw/hdmi_vdma.xsa
TRACE::2025-12-26.21:59:51::SCWPlatform::DSA absoulate path C:/Users/12302093/AppData/Roaming/Xilinx/Vivado/myproj/Vitis4/hdmi_vdma/hw/hdmi_vdma.xsa
TRACE::2025-12-26.21:59:51::SCWPlatform::DSA directory C:/Users/12302093/AppData/Roaming/Xilinx/Vivado/myproj/Vitis4/hdmi_vdma/hw
TRACE::2025-12-26.21:59:51::SCWPlatform:: Platform Path C:/Users/12302093/AppData/Roaming/Xilinx/Vivado/myproj/Vitis4/hdmi_vdma/hw/hdmi_vdma.xsa
TRACE::2025-12-26.21:59:51::SCWPlatform:: Unique name xilinx:pynq-z2::0.0
TRACE::2025-12-26.21:59:51::SCWPlatform::Trying to set the existing hwdb with name design_1_wrapper_0
TRACE::2025-12-26.21:59:51::SCWPlatform::Opened existing hwdb design_1_wrapper_0
TRACE::2025-12-26.21:59:51::SCWPlatform::Found the Hw Db part of the input DSA
TRACE::2025-12-26.21:59:51::SCWMssOS::Checking the sw design at  C:/Users/12302093/AppData/Roaming/Xilinx/Vivado/myproj/Vitis4/hdmi_vdma/zynq_fsbl/zynq_fsbl_bsp/system.mss
TRACE::2025-12-26.21:59:51::SCWMssOS::DEBUG:  swdes dump  C:/Users/12302093/AppData/Roaming/Xilinx/Vivado/myproj/Vitis4/hdmi_vdma/ps7_cortexa9_0/freertos10_xilinx_ps7_cortexa9_0/bsp/system.mss|system_0||
C:/Users/12302093/AppData/Roaming/Xilinx/Vivado/myproj/Vitis4/hdmi_vdma/zynq_fsbl/zynq_fsbl_bsp/system.mss|system||

TRACE::2025-12-26.21:59:51::SCWMssOS::Sw design exists and opened at  C:/Users/12302093/AppData/Roaming/Xilinx/Vivado/myproj/Vitis4/hdmi_vdma/zynq_fsbl/zynq_fsbl_bsp/system.mss
TRACE::2025-12-26.21:59:51::SCWPlatform::Trying to open the hw design at C:/Users/12302093/AppData/Roaming/Xilinx/Vivado/myproj/Vitis4/hdmi_vdma/hw/hdmi_vdma.xsa
TRACE::2025-12-26.21:59:51::SCWPlatform::DSA given C:/Users/12302093/AppData/Roaming/Xilinx/Vivado/myproj/Vitis4/hdmi_vdma/hw/hdmi_vdma.xsa
TRACE::2025-12-26.21:59:51::SCWPlatform::DSA absoulate path C:/Users/12302093/AppData/Roaming/Xilinx/Vivado/myproj/Vitis4/hdmi_vdma/hw/hdmi_vdma.xsa
TRACE::2025-12-26.21:59:51::SCWPlatform::DSA directory C:/Users/12302093/AppData/Roaming/Xilinx/Vivado/myproj/Vitis4/hdmi_vdma/hw
TRACE::2025-12-26.21:59:51::SCWPlatform:: Platform Path C:/Users/12302093/AppData/Roaming/Xilinx/Vivado/myproj/Vitis4/hdmi_vdma/hw/hdmi_vdma.xsa
TRACE::2025-12-26.21:59:51::SCWPlatform:: Unique name xilinx:pynq-z2::0.0
TRACE::2025-12-26.21:59:51::SCWPlatform::Trying to set the existing hwdb with name design_1_wrapper_0
TRACE::2025-12-26.21:59:51::SCWPlatform::Opened existing hwdb design_1_wrapper_0
TRACE::2025-12-26.21:59:51::SCWPlatform::Found the Hw Db part of the input DSA
TRACE::2025-12-26.21:59:51::SCWMssOS::Checking the sw design at  C:/Users/12302093/AppData/Roaming/Xilinx/Vivado/myproj/Vitis4/hdmi_vdma/zynq_fsbl/zynq_fsbl_bsp/system.mss
TRACE::2025-12-26.21:59:51::SCWMssOS::DEBUG:  swdes dump  C:/Users/12302093/AppData/Roaming/Xilinx/Vivado/myproj/Vitis4/hdmi_vdma/ps7_cortexa9_0/freertos10_xilinx_ps7_cortexa9_0/bsp/system.mss|system_0||
C:/Users/12302093/AppData/Roaming/Xilinx/Vivado/myproj/Vitis4/hdmi_vdma/zynq_fsbl/zynq_fsbl_bsp/system.mss|system||

TRACE::2025-12-26.21:59:51::SCWMssOS::Sw design exists and opened at  C:/Users/12302093/AppData/Roaming/Xilinx/Vivado/myproj/Vitis4/hdmi_vdma/zynq_fsbl/zynq_fsbl_bsp/system.mss
TRACE::2025-12-26.21:59:51::SCWPlatform::Trying to open the hw design at C:/Users/12302093/AppData/Roaming/Xilinx/Vivado/myproj/Vitis4/hdmi_vdma/hw/hdmi_vdma.xsa
TRACE::2025-12-26.21:59:51::SCWPlatform::DSA given C:/Users/12302093/AppData/Roaming/Xilinx/Vivado/myproj/Vitis4/hdmi_vdma/hw/hdmi_vdma.xsa
TRACE::2025-12-26.21:59:51::SCWPlatform::DSA absoulate path C:/Users/12302093/AppData/Roaming/Xilinx/Vivado/myproj/Vitis4/hdmi_vdma/hw/hdmi_vdma.xsa
TRACE::2025-12-26.21:59:51::SCWPlatform::DSA directory C:/Users/12302093/AppData/Roaming/Xilinx/Vivado/myproj/Vitis4/hdmi_vdma/hw
TRACE::2025-12-26.21:59:51::SCWPlatform:: Platform Path C:/Users/12302093/AppData/Roaming/Xilinx/Vivado/myproj/Vitis4/hdmi_vdma/hw/hdmi_vdma.xsa
TRACE::2025-12-26.21:59:51::SCWPlatform:: Unique name xilinx:pynq-z2::0.0
TRACE::2025-12-26.21:59:51::SCWPlatform::Trying to set the existing hwdb with name design_1_wrapper_0
TRACE::2025-12-26.21:59:51::SCWPlatform::Opened existing hwdb design_1_wrapper_0
TRACE::2025-12-26.21:59:51::SCWPlatform::Found the Hw Db part of the input DSA
TRACE::2025-12-26.21:59:51::SCWMssOS::Checking the sw design at  C:/Users/12302093/AppData/Roaming/Xilinx/Vivado/myproj/Vitis4/hdmi_vdma/zynq_fsbl/zynq_fsbl_bsp/system.mss
TRACE::2025-12-26.21:59:51::SCWMssOS::DEBUG:  swdes dump  C:/Users/12302093/AppData/Roaming/Xilinx/Vivado/myproj/Vitis4/hdmi_vdma/ps7_cortexa9_0/freertos10_xilinx_ps7_cortexa9_0/bsp/system.mss|system_0||
C:/Users/12302093/AppData/Roaming/Xilinx/Vivado/myproj/Vitis4/hdmi_vdma/zynq_fsbl/zynq_fsbl_bsp/system.mss|system||

TRACE::2025-12-26.21:59:51::SCWMssOS::Sw design exists and opened at  C:/Users/12302093/AppData/Roaming/Xilinx/Vivado/myproj/Vitis4/hdmi_vdma/zynq_fsbl/zynq_fsbl_bsp/system.mss
TRACE::2025-12-26.21:59:51::SCWPlatform::Trying to open the hw design at C:/Users/12302093/AppData/Roaming/Xilinx/Vivado/myproj/Vitis4/hdmi_vdma/hw/hdmi_vdma.xsa
TRACE::2025-12-26.21:59:51::SCWPlatform::DSA given C:/Users/12302093/AppData/Roaming/Xilinx/Vivado/myproj/Vitis4/hdmi_vdma/hw/hdmi_vdma.xsa
TRACE::2025-12-26.21:59:51::SCWPlatform::DSA absoulate path C:/Users/12302093/AppData/Roaming/Xilinx/Vivado/myproj/Vitis4/hdmi_vdma/hw/hdmi_vdma.xsa
TRACE::2025-12-26.21:59:51::SCWPlatform::DSA directory C:/Users/12302093/AppData/Roaming/Xilinx/Vivado/myproj/Vitis4/hdmi_vdma/hw
TRACE::2025-12-26.21:59:51::SCWPlatform:: Platform Path C:/Users/12302093/AppData/Roaming/Xilinx/Vivado/myproj/Vitis4/hdmi_vdma/hw/hdmi_vdma.xsa
TRACE::2025-12-26.21:59:51::SCWPlatform:: Unique name xilinx:pynq-z2::0.0
TRACE::2025-12-26.21:59:51::SCWPlatform::Trying to set the existing hwdb with name design_1_wrapper_0
TRACE::2025-12-26.21:59:51::SCWPlatform::Opened existing hwdb design_1_wrapper_0
TRACE::2025-12-26.21:59:51::SCWPlatform::Found the Hw Db part of the input DSA
TRACE::2025-12-26.21:59:51::SCWMssOS::Checking the sw design at  C:/Users/12302093/AppData/Roaming/Xilinx/Vivado/myproj/Vitis4/hdmi_vdma/ps7_cortexa9_0/freertos10_xilinx_ps7_cortexa9_0/bsp/system.mss
TRACE::2025-12-26.21:59:51::SCWMssOS::DEBUG:  swdes dump  C:/Users/12302093/AppData/Roaming/Xilinx/Vivado/myproj/Vitis4/hdmi_vdma/ps7_cortexa9_0/freertos10_xilinx_ps7_cortexa9_0/bsp/system.mss|system_0||
C:/Users/12302093/AppData/Roaming/Xilinx/Vivado/myproj/Vitis4/hdmi_vdma/zynq_fsbl/zynq_fsbl_bsp/system.mss|system||

TRACE::2025-12-26.21:59:51::SCWMssOS::Sw design exists and opened at  C:/Users/12302093/AppData/Roaming/Xilinx/Vivado/myproj/Vitis4/hdmi_vdma/ps7_cortexa9_0/freertos10_xilinx_ps7_cortexa9_0/bsp/system.mss
TRACE::2025-12-26.21:59:51::SCWPlatform::Trying to open the hw design at C:/Users/12302093/AppData/Roaming/Xilinx/Vivado/myproj/Vitis4/hdmi_vdma/hw/hdmi_vdma.xsa
TRACE::2025-12-26.21:59:51::SCWPlatform::DSA given C:/Users/12302093/AppData/Roaming/Xilinx/Vivado/myproj/Vitis4/hdmi_vdma/hw/hdmi_vdma.xsa
TRACE::2025-12-26.21:59:51::SCWPlatform::DSA absoulate path C:/Users/12302093/AppData/Roaming/Xilinx/Vivado/myproj/Vitis4/hdmi_vdma/hw/hdmi_vdma.xsa
TRACE::2025-12-26.21:59:51::SCWPlatform::DSA directory C:/Users/12302093/AppData/Roaming/Xilinx/Vivado/myproj/Vitis4/hdmi_vdma/hw
TRACE::2025-12-26.21:59:51::SCWPlatform:: Platform Path C:/Users/12302093/AppData/Roaming/Xilinx/Vivado/myproj/Vitis4/hdmi_vdma/hw/hdmi_vdma.xsa
TRACE::2025-12-26.21:59:51::SCWPlatform:: Unique name xilinx:pynq-z2::0.0
TRACE::2025-12-26.21:59:51::SCWPlatform::Trying to set the existing hwdb with name design_1_wrapper_0
TRACE::2025-12-26.21:59:51::SCWPlatform::Opened existing hwdb design_1_wrapper_0
TRACE::2025-12-26.21:59:51::SCWPlatform::Found the Hw Db part of the input DSA
TRACE::2025-12-26.21:59:51::SCWMssOS::Checking the sw design at  C:/Users/12302093/AppData/Roaming/Xilinx/Vivado/myproj/Vitis4/hdmi_vdma/ps7_cortexa9_0/freertos10_xilinx_ps7_cortexa9_0/bsp/system.mss
TRACE::2025-12-26.21:59:51::SCWMssOS::DEBUG:  swdes dump  C:/Users/12302093/AppData/Roaming/Xilinx/Vivado/myproj/Vitis4/hdmi_vdma/ps7_cortexa9_0/freertos10_xilinx_ps7_cortexa9_0/bsp/system.mss|system_0||
C:/Users/12302093/AppData/Roaming/Xilinx/Vivado/myproj/Vitis4/hdmi_vdma/zynq_fsbl/zynq_fsbl_bsp/system.mss|system||

TRACE::2025-12-26.21:59:51::SCWMssOS::Sw design exists and opened at  C:/Users/12302093/AppData/Roaming/Xilinx/Vivado/myproj/Vitis4/hdmi_vdma/ps7_cortexa9_0/freertos10_xilinx_ps7_cortexa9_0/bsp/system.mss
TRACE::2025-12-26.21:59:51::SCWPlatform::Trying to open the hw design at C:/Users/12302093/AppData/Roaming/Xilinx/Vivado/myproj/Vitis4/hdmi_vdma/hw/hdmi_vdma.xsa
TRACE::2025-12-26.21:59:51::SCWPlatform::DSA given C:/Users/12302093/AppData/Roaming/Xilinx/Vivado/myproj/Vitis4/hdmi_vdma/hw/hdmi_vdma.xsa
TRACE::2025-12-26.21:59:51::SCWPlatform::DSA absoulate path C:/Users/12302093/AppData/Roaming/Xilinx/Vivado/myproj/Vitis4/hdmi_vdma/hw/hdmi_vdma.xsa
TRACE::2025-12-26.21:59:51::SCWPlatform::DSA directory C:/Users/12302093/AppData/Roaming/Xilinx/Vivado/myproj/Vitis4/hdmi_vdma/hw
TRACE::2025-12-26.21:59:51::SCWPlatform:: Platform Path C:/Users/12302093/AppData/Roaming/Xilinx/Vivado/myproj/Vitis4/hdmi_vdma/hw/hdmi_vdma.xsa
TRACE::2025-12-26.21:59:51::SCWPlatform:: Unique name xilinx:pynq-z2::0.0
TRACE::2025-12-26.21:59:51::SCWPlatform::Trying to set the existing hwdb with name design_1_wrapper_0
TRACE::2025-12-26.21:59:51::SCWPlatform::Opened existing hwdb design_1_wrapper_0
TRACE::2025-12-26.21:59:51::SCWPlatform::Found the Hw Db part of the input DSA
TRACE::2025-12-26.21:59:51::SCWMssOS::Checking the sw design at  C:/Users/12302093/AppData/Roaming/Xilinx/Vivado/myproj/Vitis4/hdmi_vdma/ps7_cortexa9_0/freertos10_xilinx_ps7_cortexa9_0/bsp/system.mss
TRACE::2025-12-26.21:59:51::SCWMssOS::DEBUG:  swdes dump  C:/Users/12302093/AppData/Roaming/Xilinx/Vivado/myproj/Vitis4/hdmi_vdma/ps7_cortexa9_0/freertos10_xilinx_ps7_cortexa9_0/bsp/system.mss|system_0||
C:/Users/12302093/AppData/Roaming/Xilinx/Vivado/myproj/Vitis4/hdmi_vdma/zynq_fsbl/zynq_fsbl_bsp/system.mss|system||

TRACE::2025-12-26.21:59:51::SCWMssOS::Sw design exists and opened at  C:/Users/12302093/AppData/Roaming/Xilinx/Vivado/myproj/Vitis4/hdmi_vdma/ps7_cortexa9_0/freertos10_xilinx_ps7_cortexa9_0/bsp/system.mss
TRACE::2025-12-26.21:59:51::SCWWriter::formatted JSON is {
	"platformName":	"hdmi_vdma",
	"sprVersion":	"2.0",
	"mode":	"gui",
	"dsaType":	"Fixed",
	"platformDesc":	"hdmi_vdma",
	"platHandOff":	"C:/Users/12302093/AppData/Roaming/Xilinx/Vivado/myproj/hdmi_vdma.xsa",
	"platIntHandOff":	"<platformDir>/hw/hdmi_vdma.xsa",
	"deviceType":	"zynq",
	"platIsPrebuiltAutogen":	"false",
	"platIsNoBootBsp":	"false",
	"platFsblTarget":	"ps7_cortexa9_0",
	"hasFsblMakeHasChanges":	"false",
	"hasPmufwMakeHasChanges":	"false",
	"fsblExtraCompilerFlags":	"-MMD -MP       -mcpu=cortex-a9 -mfpu=vfpv3 -mfloat-abi=hard ",
	"platPreBuiltFlag":	false,
	"platformSamplesDir":	"",
	"platActiveSys":	"hdmi_vdma",
	"systems":	[{
			"systemName":	"hdmi_vdma",
			"systemDesc":	"hdmi_vdma",
			"sysIsBootAutoGen":	"true",
			"systemDispName":	"hdmi_vdma",
			"sysActiveDom":	"freertos10_xilinx_ps7_cortexa9_0",
			"sysDefaultDom":	"freertos10_xilinx_ps7_cortexa9_0",
			"domains":	[{
					"domainName":	"zynq_fsbl",
					"domainDispName":	"zynq_fsbl",
					"domainDesc":	"FSBL Application BSP - Auto Generated.",
					"processors":	"ps7_cortexa9_0",
					"os":	"standalone",
					"sdxOs":	"standalone",
					"debugEnable":	"",
					"domRuntimes":	["cpp"],
					"swRepo":	"",
					"mssOsVer":	"9.1",
					"mssFile":	"",
					"md5Digest":	"70e198c9745202171b2b27f97526b3a8",
					"compatibleApp":	"zynq_fsbl",
					"domType":	"bootDomain",
					"arch":	"32-bit",
					"appSettings":	{
						"appCompilerFlags":	"",
						"appLinkerFlags":	""
					},
					"addedLibs":	["xilffs:5.2", "xilrsa:1.8"],
					"libOptions":	{
						"libsContainingOptions":	[]
					},
					"prebuiltLibs":	{
						"prebuiltIncPath":	[],
						"prebuiltLibPath":	[]
					},
					"isolation":	{
					}
				}, {
					"domainName":	"freertos10_xilinx_ps7_cortexa9_0",
					"domainDispName":	"freertos10_xilinx_ps7_cortexa9_0",
					"domainDesc":	"freertos10_xilinx_ps7_cortexa9_0",
					"processors":	"ps7_cortexa9_0",
					"os":	"freertos10_xilinx",
					"sdxOs":	"freertos10_xilinx",
					"qemuArgs":	"<platformDir>/resources/hdmi_vdma/freertos10_xilinx_ps7_cortexa9_0/qemu_args.txt",
					"qemuData":	"<platformDir>/resources/hdmi_vdma/freertos10_xilinx_ps7_cortexa9_0/qemu",
					"debugEnable":	"False",
					"domRuntimes":	["cpp"],
					"swRepo":	"",
					"mssOsVer":	"1.15",
					"mssFile":	"",
					"md5Digest":	"cffc92093176e96535fc1f78fea892dd",
					"compatibleApp":	"freertos_lwip_udp_perf_server",
					"domType":	"mssDomain",
					"arch":	"32-bit",
					"appSettings":	{
						"appCompilerFlags":	"",
						"appLinkerFlags":	""
					},
					"addedLibs":	["lwip220:1.0"],
					"libOptions":	{
						"freertos10_xilinx":	{
							"total_heap_size":	"262140",
							"libOptionNames":	["total_heap_size"]
						},
						"libsContainingOptions":	["freertos10_xilinx"]
					},
					"prebuiltLibs":	{
						"prebuiltIncPath":	[],
						"prebuiltLibPath":	[]
					},
					"isolation":	{
					}
				}]
		}]
}
KEYINFO::2025-12-26.21:59:51::SCWPlatform::updated the xpfm file.
TRACE::2025-12-26.21:59:51::SCWPlatform::Trying to open the hw design at C:/Users/12302093/AppData/Roaming/Xilinx/Vivado/myproj/Vitis4/hdmi_vdma/hw/hdmi_vdma.xsa
TRACE::2025-12-26.21:59:51::SCWPlatform::DSA given C:/Users/12302093/AppData/Roaming/Xilinx/Vivado/myproj/Vitis4/hdmi_vdma/hw/hdmi_vdma.xsa
TRACE::2025-12-26.21:59:51::SCWPlatform::DSA absoulate path C:/Users/12302093/AppData/Roaming/Xilinx/Vivado/myproj/Vitis4/hdmi_vdma/hw/hdmi_vdma.xsa
TRACE::2025-12-26.21:59:51::SCWPlatform::DSA directory C:/Users/12302093/AppData/Roaming/Xilinx/Vivado/myproj/Vitis4/hdmi_vdma/hw
TRACE::2025-12-26.21:59:51::SCWPlatform:: Platform Path C:/Users/12302093/AppData/Roaming/Xilinx/Vivado/myproj/Vitis4/hdmi_vdma/hw/hdmi_vdma.xsa
TRACE::2025-12-26.21:59:51::SCWPlatform:: Unique name xilinx:pynq-z2::0.0
TRACE::2025-12-26.21:59:51::SCWPlatform::Trying to set the existing hwdb with name design_1_wrapper_0
TRACE::2025-12-26.21:59:51::SCWPlatform::Opened existing hwdb design_1_wrapper_0
TRACE::2025-12-26.21:59:51::SCWPlatform::Found the Hw Db part of the input DSA
TRACE::2025-12-26.21:59:51::SCWMssOS::Checking the sw design at  C:/Users/12302093/AppData/Roaming/Xilinx/Vivado/myproj/Vitis4/hdmi_vdma/ps7_cortexa9_0/freertos10_xilinx_ps7_cortexa9_0/bsp/system.mss
TRACE::2025-12-26.21:59:51::SCWMssOS::DEBUG:  swdes dump  C:/Users/12302093/AppData/Roaming/Xilinx/Vivado/myproj/Vitis4/hdmi_vdma/ps7_cortexa9_0/freertos10_xilinx_ps7_cortexa9_0/bsp/system.mss|system_0||
C:/Users/12302093/AppData/Roaming/Xilinx/Vivado/myproj/Vitis4/hdmi_vdma/zynq_fsbl/zynq_fsbl_bsp/system.mss|system||

TRACE::2025-12-26.21:59:51::SCWMssOS::Sw design exists and opened at  C:/Users/12302093/AppData/Roaming/Xilinx/Vivado/myproj/Vitis4/hdmi_vdma/ps7_cortexa9_0/freertos10_xilinx_ps7_cortexa9_0/bsp/system.mss
